year,import_tonn,import_enhetsverdi,kpi_ost,kpi_total,norsk_ost_solgt_tonn
2008,8449.846,52.205047287252334,63.666666666666664,63.89166666666666,
2009,8718.247,53.33589963670449,67.22500000000001,65.27499999999999,
2010,9616.668,51.31035333651947,67.08333333333333,66.85000000000001,
2011,10903.831,48.95824357512511,68.13333333333334,67.725,
2012,11394.16,51.06042253224459,69.19166666666668,68.19166666666666,
2013,11643.53,53.164104013130036,69.83333333333333,69.64166666666667,
2014,12226.803,56.87804784292345,72.47500000000001,71.075,
2015,12889.359,59.47222014686688,72.60833333333333,72.60833333333333,
2016,14162.663,59.1892928610954,73.46666666666667,75.18333333333334,
2017,14440.578,60.37242311214967,73.58333333333333,76.61666666666666,
2018,15471.208,61.41632385783967,75.16666666666667,78.71666666666667,
2019,16303.388,62.80077325032073,75.97500000000001,80.425,86000.0
2020,17711.704,68.46977986985328,78.84166666666667,81.46666666666667,88000.0
2021,19668.71,66.73745029541845,78.84166666666667,84.29166666666667,93100.0
2022,19342.788,72.18066056454737,82.76666666666667,89.15833333333335,94200.0
2023,19183.952,87.0431196345779,89.575,94.05833333333334,94900.0
2024,20041.331,87.60575896880302,94.93333333333334,97.05,95000.0
2025,20693.307,93.02626022993812,100.0,100.0,95518.0
