Land,import_hard_2010_11_kg,navngitt_2013_kg,navngitt_andel,eksponering,eksponering_alt
IT,329316.5,387953.0,1.0,0.0,0.09668344415597185
ES,75018.0,92200.0,1.0,0.0,0.21136956796130335
CH,39265.5,33518.0,0.8536246832461066,0.14637531675389337,0.3183015141540487
FR,318364.5,113250.0,0.3557243348426096,0.6442756651573904,0.695092810543585
GB,410600.5,31740.0,0.07730141585312243,0.9226985841468776,0.9300287175914487
DK,487611.5,18584.0,0.038112308671965286,0.9618876913280348,0.9721775056997821
NL,246710.0,7985.0,0.03236593571399619,0.9676340642860038,0.9763603348847891
SE,71121.5,1604.0,0.02255295515420794,0.977447044845792,0.9484151472650771
DE,181004.5,21.0,0.00011601921499189247,0.9998839807850081,0.9995050308557378
EE,85888.5,0.0,0.0,1.0,1.0
