,b,se
2008,-0.17720742243048848,0.12481651598019572
2009,-0.20617795790671944,0.1395435668455432
2010,-0.27419987803552986,0.1189079132337436
2011,0.0,0.0
2012,-0.01916861836414213,0.1731496097675517
2013,-0.592638632938212,0.19566208310051633
2014,-0.9085850184253803,0.2107828580260586
2015,-1.1489223827825892,0.3025339174811295
2016,-0.9603855605239702,0.2637793511393877
2017,-1.054600162678569,0.19393250378807375
2018,-0.8933886888689817,0.3384102883172939
2019,-1.0712610423080766,0.3544549116402117
