month,Hard/halvhard ost,Smelteost
2011-01-01,130424,8050
2011-02-01,179832,39379
2011-03-01,173370,48193
2011-04-01,190319,13145
2011-05-01,128255,46899
2011-06-01,235003,30645
2011-07-01,142263,16520
2011-08-01,232171,21119
2011-09-01,205729,21613
2011-10-01,215922,31033
2011-11-01,248865,46029
2011-12-01,256487,42556
2012-01-01,189652,21421
2012-02-01,208092,18270
2012-03-01,216739,27743
2012-04-01,179138,22889
2012-05-01,253410,25859
2012-06-01,182931,26892
2012-07-01,197337,27849
2012-08-01,260157,37340
2012-09-01,212739,25197
2012-10-01,273735,22615
2012-11-01,272048,26756
2012-12-01,329708,34852
2013-01-01,147038,18656
2013-02-01,195580,25145
2013-03-01,185445,21195
2013-04-01,223233,17309
2013-05-01,189627,74710
2013-06-01,143767,64310
2013-07-01,160545,76676
2013-08-01,158844,104820
2013-09-01,172516,35414
2013-10-01,223323,74733
2013-11-01,233800,82581
2013-12-01,229583,127824
2014-01-01,160505,55697
2014-02-01,181699,22217
2014-03-01,145946,95026
2014-04-01,169562,88105
2014-05-01,159021,57077
2014-06-01,161227,114580
2014-07-01,168596,78903
2014-08-01,169868,82312
2014-09-01,202847,56204
2014-10-01,209070,85312
2014-11-01,191800,90707
2014-12-01,319567,58769
