year,Mengde1,Verdi,group,folkemengde_1jan,disponibel_inntekt_husholdninger_mill_kr,00,01.1.4.5,uv,toll_kg,z,ln_q,ln_p,ln_pnor,ln_y,covid
2008,1926446,123960425,Hard/halvhard ost,4737171,922870,63.89166666666666,63.666666666666664,64.34669074554905,27.15,0.3567819760207155,-0.8997632675019618,0.3591138641352849,-0.003527801398328158,-5.7928959623329295,0
2009,1970567,124615574,Hard/halvhard ost,4799252,978329,65.27499999999999,67.22500000000001,63.23843543508036,27.15,0.3567819760207155,-0.8901387538398975,0.32550721802653937,0.029436087569736088,-5.768978451721821,0
2010,2178390,137166254,Hard/halvhard ost,4858199,1036996,66.85000000000001,67.08333333333333,62.96680300588967,27.15,0.3567819760207155,-0.8020817212586923,0.29865533652987153,0.0034843240826106215,-5.746791024689031,0
2011,2338640,148100003,Hard/halvhard ost,4920305,1096987,67.725,68.13333333333334,63.32740524407348,27.15,0.3567819760207155,-0.7438009566245076,0.28964476575168185,0.006011181690280978,-5.716258577702369,0
2012,2775686,175871327,Hard/halvhard ost,4985870,1160579,68.19166666666666,69.19166666666668,63.361391382166424,27.15,0.3567819760207155,-0.5857099879021089,0.28315334666552455,0.014558063734649065,-5.680011260980976,0
2013,2263301,164331245,Hard/halvhard ost,5051275,1239194,69.64166666666667,69.83333333333333,72.60688922949268,148.32522953077242,1.1182455059648144,-0.802816319582114,1.154492452185698,0.0027484034746924828,-5.6485425656123125,0
2014,2239708,183663183,Hard/halvhard ost,5109056,1289773,71.075,72.47500000000001,82.0031821112395,166.45419817845797,1.1182455059648144,-0.8246691511108575,1.2515356654019187,0.019506017270655686,-5.640284074977808,0
2015,2319350,199746065,Hard/halvhard ost,5165802,1392923,72.60833333333333,72.60833333333333,86.12157069868714,174.40011243639498,1.1182455059648144,-0.8007733924041956,1.2776063948832093,0.0,-5.5957356489742756,0
2016,2738129,222970980,Hard/halvhard ost,5213985,1418372,75.18333333333334,73.46666666666667,81.43187556174307,165.3519338435352,1.1182455059648144,-0.644069598198561,1.188583112607444,-0.023097786575645565,-5.621764278793223,0
2017,2835098,237411957,Hard/halvhard ost,5258317,1479173,76.61666666666666,73.58333333333333,83.74029998257556,169.80574924472606,1.1182455059648144,-0.6177345090901836,1.1967308267066787,-0.04039608276816754,-5.607142499343405,0
2018,3075535,262271617,Hard/halvhard ost,5295619,1532497,78.71666666666667,75.16666666666667,85.27674599703792,172.77012913109155,1.1182455059648144,-0.5434010050943066,1.1872863472877375,-0.046147037399393076,-5.605836351392557,0
2019,3152308,283841173,Hard/halvhard ost,5328212,1606814,80.425,75.97500000000001,90.04233501294924,181.96473544493278,1.1182455059648144,-0.5248808392784834,1.2185029871635094,-0.05692073432223316,-5.586087458926465,0
2020,3596211,351369505,Hard/halvhard ost,5367580,1653773,81.46666666666667,78.84166666666667,97.70547529052105,196.7498035120202,1.1182455059648144,-0.40049636398266536,1.2849331982709233,-0.0327523167069323,-5.577511749671338,1
2021,3892884,378095682,Hard/halvhard ost,5391369,1781023,84.29166666666667,78.84166666666667,97.1248262213824,195.62951395717127,1.1182455059648144,-0.3256490704267583,1.2450508210940003,-0.06684138489740167,-5.541894430041924,1
2022,3551032,384590617,Hard/halvhard ost,5425270,1841637,89.15833333333335,82.76666666666667,108.30390066887598,217.19813604242466,1.1182455059648144,-0.42382940230692157,1.2949549034500623,-0.07438841151054951,-5.570826633121196,0
2023,3356790,449366059,Hard/halvhard ost,5488984,1911180,94.05833333333334,89.575,133.86779006133835,266.52045444409356,1.1182455059648144,-0.4917580144549949,1.448519530459447,-0.04883889398256284,-5.598937479471178,0
2024,3576575,473603975,Hard/halvhard ost,5550203,2030778,97.05,94.93333333333334,132.41829823224734,263.72384175275073,1.1182455059648144,-0.4394288650972993,1.406546776592197,-0.02205141874530816,-5.580641842417804,0
2025,3490287,534631477,Hard/halvhard ost,5594340,2163875,100.0,100.0,153.1769384580695,303.775034553858,1.1182455059648144,-0.4717714045490345,1.5194081075059547,0.0,-5.555024962412617,0
2008,2047800,68419691,Fersk ost,4737171,922870,63.89166666666666,63.666666666666664,33.41131506983104,27.15,0.6861577554660242,-0.8386740759281963,-0.05353261672769499,-0.003527801398328158,-5.7928959623329295,0
2009,2090135,71893117,Fersk ost,4799252,978329,65.27499999999999,67.22500000000001,34.39639879720688,27.15,0.6861577554660242,-0.8312314152451388,-0.058817772241453764,0.029436087569736088,-5.768978451721821,0
2010,2377441,75054283,Fersk ost,4858199,1036996,66.85000000000001,67.08333333333333,31.56935671589747,27.15,0.6861577554660242,-0.7146430939541013,-0.12968187441243773,0.0034843240826106215,-5.746791024689031,0
2011,3057740,84190423,Fersk ost,4920305,1096987,67.725,68.13333333333334,27.53354536356917,27.15,0.6861577554660242,-0.47569443945127743,-0.21389253981994014,0.006011181690280978,-5.716258577702369,0
2012,2937923,91710035,Fersk ost,4985870,1160579,68.19166666666666,69.19166666666668,31.215942351109952,27.15,0.6861577554660242,-0.5289050426537745,-0.15558982694547194,0.014558063734649065,-5.680011260980976,0
2013,3180291,99333834,Fersk ost,5051275,1239194,69.64166666666667,69.83333333333333,31.23419649333976,27.15,0.6861577554660242,-0.4626679846289665,-0.17631780199691546,0.0027484034746924828,-5.6485425656123125,0
2014,3347861,107897331,Fersk ost,5109056,1289773,71.075,72.47500000000001,32.228736796420165,27.15,0.6861577554660242,-0.42269301689613253,-0.17979946164395952,0.019506017270655686,-5.640284074977808,0
2015,3750428,132439426,Fersk ost,5165802,1392923,72.60833333333333,72.60833333333333,35.31314985916274,27.15,0.6861577554660242,-0.3201903996100585,-0.15050291884404127,0.0,-5.5957356489742756,0
2016,4066299,133435846,Fersk ost,5213985,1418372,75.18333333333334,73.46666666666667,32.8150600828911,27.15,0.6861577554660242,-0.24861118948938635,-0.22616751453711445,-0.023097786575645565,-5.621764278793223,0
2017,4138180,133991390,Fersk ost,5258317,1479173,76.61666666666666,73.58333333333333,32.37930442851688,27.15,0.6861577554660242,-0.23955493592138,-0.25234593087283175,-0.04039608276816754,-5.607142499343405,0
2018,4493647,153126489,Fersk ost,5295619,1532497,78.71666666666667,75.16666666666667,34.07621671217165,27.15,0.6861577554660242,-0.1642152534579003,-0.25127943223338284,-0.046147037399393076,-5.605836351392557,0
2019,4690945,162034604,Fersk ost,5328212,1606814,80.425,75.97500000000001,34.541996122316505,27.15,0.6861577554660242,-0.12738166753767857,-0.26517087311925636,-0.05692073432223316,-5.586087458926465,0
2020,5175993,206133639,Fersk ost,5367580,1653773,81.46666666666667,78.84166666666667,39.824945474230745,27.15,0.6861577554660242,-0.03634595037564722,-0.19587533732021783,-0.0327523167069323,-5.577511749671338,1
2021,5784147,217978621,Fersk ost,5391369,1781023,84.29166666666667,78.84166666666667,37.685525800087724,27.15,0.6861577554660242,0.07032155793180055,-0.2624293160332553,-0.06684138489740167,-5.541894430041924,1
2022,6193241,258359278,Fersk ost,5425270,1841637,89.15833333333335,82.76666666666667,41.716328817173434,27.15,0.6861577554660242,0.13239086832937044,-0.2582464532005352,-0.07438841151054951,-5.570826633121196,0
2023,6448601,323599356,Fersk ost,5488984,1911180,94.05833333333334,89.575,50.18132708164143,27.15,0.6861577554660242,0.161120033414083,-0.19581601742171229,-0.04883889398256284,-5.598937479471178,0
2024,6983541,361866123,Fersk ost,5550203,2030778,97.05,94.93333333333334,51.8169969933591,27.15,0.6861577554660242,0.22972159106204118,-0.20619630401157366,-0.02205141874530816,-5.580641842417804,0
2025,7515438,420211218,Fersk ost,5594340,2163875,100.0,100.0,55.91307093478783,27.15,0.6861577554660242,0.29520393260037653,-0.18556997598173744,0.0,-5.555024962412617,0
2008,838484,67254128,Blåmuggost,4737171,922870,63.89166666666666,63.666666666666664,80.20919659766912,27.15,0.2750784724972404,-1.7315999016812071,0.5189912491628337,-0.003527801398328158,-5.7928959623329295,0
2009,852958,71657776,Blåmuggost,4799252,978329,65.27499999999999,67.22500000000001,84.01090792278166,27.15,0.2750784724972404,-1.727505043123511,0.5323696579669971,0.029436087569736088,-5.768978451721821,0
2010,856332,71415680,Blåmuggost,4858199,1036996,66.85000000000001,67.08333333333333,83.39718707230374,27.15,0.2750784724972404,-1.7357649206680679,0.5029911585860399,0.0034843240826106215,-5.746791024689031,0
2011,803665,68910810,Blåmuggost,4920305,1096987,67.725,68.13333333333334,85.74569005742443,27.15,0.2750784724972404,-1.811943283752232,0.5110089075879702,0.006011181690280978,-5.716258577702369,0
2012,813799,68260648,Blåmuggost,4985870,1160579,68.19166666666666,69.19166666666668,83.87900206316301,27.15,0.2750784724972404,-1.8126497839754951,0.48746907928767874,0.014558063734649065,-5.680011260980976,0
2013,928897,78884872,Blåmuggost,5051275,1239194,69.64166666666667,69.83333333333333,84.92316370921641,27.15,0.2750784724972404,-1.6933981048885984,0.47578885820621203,0.0027484034746924828,-5.6485425656123125,0
2014,1001553,90823257,Blåmuggost,5109056,1289773,71.075,72.47500000000001,90.68242719057304,27.15,0.2750784724972404,-1.6294628559951574,0.5055278490643161,0.019506017270655686,-5.640284074977808,0
2015,1065710,101614627,Blåmuggost,5165802,1392923,72.60833333333333,72.60833333333333,95.34922915239605,27.15,0.2750784724972404,-1.578419122708449,0.5230250378822405,0.0,-5.5957356489742756,0
2016,1074378,104620702,Blåmuggost,5213985,1418372,75.18333333333334,73.46666666666667,97.37792657705202,27.15,0.2750784724972404,-1.5796025491650112,0.5046004254206122,-0.023097786575645565,-5.621764278793223,0
2017,1069772,106970793,Blåmuggost,5258317,1479173,76.61666666666666,73.58333333333333,99.99401087334498,27.15,0.2750784724972404,-1.592365471917657,0.5065057543303096,-0.04039608276816754,-5.607142499343405,0
2018,964942,100602557,Blåmuggost,5295619,1532497,78.71666666666667,75.16666666666667,104.25762066528351,27.15,0.2750784724972404,-1.7025671580355992,0.512449192625415,-0.046147037399393076,-5.605836351392557,0
2019,978937,103792626,Blåmuggost,5328212,1606814,80.425,75.97500000000001,106.02584844581419,27.15,0.2750784724972404,-1.6943037121375086,0.5043453505667395,-0.05692073432223316,-5.586087458926465,0
2020,1032681,116709725,Blåmuggost,5367580,1653773,81.46666666666667,78.84166666666667,113.01624122066737,27.15,0.2750784724972404,-1.648218822024887,0.5426352168243972,-0.0327523167069323,-5.577511749671338,1
2021,1039059,117130932,Blåmuggost,5391369,1781023,84.29166666666667,78.84166666666667,112.72789321876813,27.15,0.2750784724972404,-1.6464838456640576,0.5064868439148553,-0.06684138489740167,-5.541894430041924,1
2022,963540,116839877,Blåmuggost,5425270,1841637,89.15833333333335,82.76666666666667,121.26105506777093,27.15,0.2750784724972404,-1.7282089444539943,0.5095720076679415,-0.07438841151054951,-5.570826633121196,0
2023,1027215,148514123,Blåmuggost,5488984,1911180,94.05833333333334,89.575,144.5793947712991,27.15,0.2750784724972404,-1.675891917992075,0.6020047945121256,-0.04883889398256284,-5.598937479471178,0
2024,999104,145409413,Blåmuggost,5550203,2030778,97.05,94.93333333333334,145.53981667574146,27.15,0.2750784724972404,-1.7147309053139488,0.5762707084009477,-0.02205141874530816,-5.580641842417804,0
2025,979826,149131560,Blåmuggost,5594340,2163875,100.0,100.0,152.20208485996494,27.15,0.2750784724972404,-1.7421356464412576,0.5841806424554764,0.0,-5.555024962412617,0
2008,1816190,81337024,Feta,4737171,922870,63.89166666666666,63.666666666666664,44.78442453708037,27.15,0.4727092231957091,-0.9586992218298845,0.11856599291759135,-0.003527801398328158,-5.7928959623329295,0
2009,1824760,84306046,Feta,4799252,978329,65.27499999999999,67.22500000000001,46.20116946886166,27.15,0.4727092231957091,-0.9670116008998806,0.11664933355579471,0.029436087569736088,-5.768978451721821,0
2010,1935583,88882660,Feta,4858199,1036996,66.85000000000001,67.08333333333333,45.92035577911151,27.15,0.4727092231957091,-0.9202592200083201,0.08897145126085858,0.0034843240826106215,-5.746791024689031,0
2011,2303649,103492417,Feta,4920305,1096987,67.725,68.13333333333334,44.925427875514025,27.15,0.4727092231957091,-0.7588761329745619,0.062257792067271535,0.006011181690280978,-5.716258577702369,0
2012,2265223,105443259,Feta,4985870,1160579,68.19166666666666,69.19166666666668,46.548732288167656,27.15,0.4727092231957091,-0.7889347029222633,0.07766323032735829,0.014558063734649065,-5.680011260980976,0
2013,2145838,112237881,Feta,5051275,1239194,69.64166666666667,69.83333333333333,52.30491817182844,27.15,0.4727092231957091,-0.8561105345916199,0.13182674657655816,0.0027484034746924828,-5.6485425656123125,0
2014,2198192,122469346,Feta,5109056,1289773,71.075,72.47500000000001,55.71367105330199,27.15,0.4727092231957091,-0.8433794470329566,0.15346108241876572,0.019506017270655686,-5.640284074977808,0
2015,2090678,119923537,Feta,5165802,1392923,72.60833333333333,72.60833333333333,57.36107473269437,27.15,0.4727092231957091,-0.9045719511293268,0.15180288825140062,0.0,-5.5957356489742756,0
2016,2123215,128708670,Feta,5213985,1418372,75.18333333333334,73.46666666666667,60.61970643575898,27.15,0.4727092231957091,-0.8984129892585186,0.15478683671302587,-0.023097786575645565,-5.621764278793223,0
2017,2120510,129211124,Feta,5258317,1479173,76.61666666666666,73.58333333333333,60.9339847489519,27.15,0.4727092231957091,-0.9081543877833899,0.1394760979177108,-0.04039608276816754,-5.607142499343405,0
2018,2296511,141696049,Feta,5295619,1532497,78.71666666666667,75.16666666666667,61.70057491560023,27.15,0.4727092231957091,-0.8354888602892997,0.12110111753711313,-0.046147037399393076,-5.605836351392557,0
2019,2505572,158031054,Feta,5328212,1606814,80.425,75.97500000000001,63.0718470672565,27.15,0.4727092231957091,-0.7544986704524502,0.11494653157018225,-0.05692073432223316,-5.586087458926465,0
2020,2840629,185292211,Feta,5367580,1653773,81.46666666666667,78.84166666666667,65.2292893580964,27.15,0.4727092231957091,-0.6363516486541305,0.12570887374878406,-0.0327523167069323,-5.577511749671338,1
2021,3090809,204234374,Feta,5391369,1781023,84.29166666666667,78.84166666666667,66.0779666423904,27.15,0.4727092231957091,-0.5563664725989385,0.10076474112964948,-0.06684138489740167,-5.541894430041924,1
2022,2816471,201551541,Feta,5425270,1841637,89.15833333333335,82.76666666666667,71.56173132973852,27.15,0.4727092231957091,-0.655582984940936,0.10178998247709889,-0.07438841151054951,-5.570826633121196,0
2023,2835012,243632992,Feta,5488984,1911180,94.05833333333334,89.575,85.9371995603546,27.15,0.4727092231957091,-0.6606970046677634,0.18424404147400655,-0.04883889398256284,-5.598937479471178,0
2024,2729235,240671208,Feta,5550203,2030778,97.05,94.93333333333334,88.1826621745654,27.15,0.4727092231957091,-0.7098131535182631,0.1725943574619874,-0.02205141874530816,-5.580641842417804,0
2025,2646833,243602452,Feta,5594340,2163875,100.0,100.0,92.03544462382024,27.15,0.4727092231957091,-0.7483915413754889,0.17551045232669565,0.0,-5.555024962412617,0
2008,139140,8360434,Camembert,4737171,922870,63.89166666666666,63.666666666666664,60.08648842892051,27.15,0.40969725748773494,-3.5277147805734175,0.3114337479000578,-0.003527801398328158,-5.7928959623329295,0
2009,140327,8565134,Camembert,4799252,978329,65.27499999999999,67.22500000000001,61.036963663443245,27.15,0.40969725748773494,-3.53223993806485,0.3008500332340746,0.029436087569736088,-5.768978451721821,0
2010,173992,9663553,Camembert,4858199,1036996,66.85000000000001,67.08333333333333,55.54021449262035,27.15,0.40969725748773494,-3.32941375093649,0.21264996611939385,0.0034843240826106215,-5.746791024689031,0
2011,188745,10120092,Camembert,4920305,1096987,67.725,68.13333333333334,53.61780179607407,27.15,0.40969725748773494,-3.260728901722815,0.1761230055137607,0.006011181690280978,-5.716258577702369,0
2012,226495,12085261,Camembert,4985870,1160579,68.19166666666666,69.19166666666668,53.357738581425636,27.15,0.40969725748773494,-3.091640321114941,0.16603094350513178,0.014558063734649065,-5.680011260980976,0
2013,175352,9772205,Camembert,5051275,1239194,69.64166666666667,69.83333333333333,55.72907637209727,27.15,0.40969725748773494,-3.3606005833693677,0.1740195870706281,0.0027484034746924828,-5.6485425656123125,0
2014,154354,9633840,Camembert,5109056,1289773,71.075,72.47500000000001,62.41393161174962,27.15,0.40969725748773494,-3.499521264579522,0.23121703242322303,0.019506017270655686,-5.640284074977808,0
2015,167805,11492777,Camembert,5165802,1392923,72.60833333333333,72.60833333333333,68.4888829295909,27.15,0.40969725748773494,-3.4270130544281314,0.275499763122765,0.0,-5.5957356489742756,0
2016,163129,11237305,Camembert,5213985,1418372,75.18333333333334,73.46666666666667,68.88600432786322,27.15,0.40969725748773494,-3.464558418770225,0.24479359105162227,-0.023097786575645565,-5.621764278793223,0
2017,154402,11568095,Camembert,5258317,1479173,76.61666666666666,73.58333333333333,74.92192458646909,27.15,0.40969725748773494,-3.528006701681157,0.2868630742082246,-0.04039608276816754,-5.607142499343405,0
2018,192380,15965608,Camembert,5295619,1532497,78.71666666666667,75.16666666666667,82.98995737602661,27.15,0.40969725748773494,-3.3151625712168773,0.3358969891621201,-0.046147037399393076,-5.605836351392557,0
2019,204578,17195559,Camembert,5328212,1606814,80.425,75.97500000000001,84.053803439275,27.15,0.40969725748773494,-3.259821680364046,0.32403951169706496,-0.05692073432223316,-5.586087458926465,0
2020,181378,17338539,Camembert,5367580,1653773,81.46666666666667,78.84166666666667,95.59339611198712,27.15,0.40969725748773494,-3.3875491827752118,0.4099020271030413,-0.0327523167069323,-5.577511749671338,1
2021,190590,17573577,Camembert,5391369,1781023,84.29166666666667,78.84166666666667,92.20618605383284,27.15,0.40969725748773494,-3.342430096575054,0.34782917582279427,-0.06684138489740167,-5.541894430041924,1
2022,175906,16633103,Camembert,5425270,1841637,89.15833333333335,82.76666666666667,94.55676895614704,27.15,0.40969725748773494,-3.428873185303742,0.31120080310782705,-0.07438841151054951,-5.570826633121196,0
2023,126786,14873483,Camembert,5488984,1911180,94.05833333333334,89.575,117.31171422712286,27.15,0.40969725748773494,-3.767997827812045,0.42909936182702463,-0.04883889398256284,-5.598937479471178,0
2024,100684,12718291,Camembert,5550203,2030778,97.05,94.93333333333334,126.31888880060387,27.15,0.40969725748773494,-4.0096028833331365,0.45827155804667674,-0.02205141874530816,-5.580641842417804,0
2025,103939,12749944,Camembert,5594340,2163875,100.0,100.0,122.6675646292537,27.15,0.40969725748773494,-3.9857064627225594,0.40424813208817745,0.0,-5.555024962412617,0
2008,869279,44904528,Brie,4737171,922870,63.89166666666666,63.666666666666664,51.657210170727694,27.15,0.4257240916658006,-1.6955312686436852,0.20981555152967354,-0.003527801398328158,-5.7928959623329295,0
2009,933854,51307662,Brie,4799252,978329,65.27499999999999,67.22500000000001,54.94184529915811,27.15,0.4257240916658006,-1.6368952423257817,0.22922957049855658,0.029436087569736088,-5.768978451721821,0
2010,1016301,52134689,Brie,4858199,1036996,66.85000000000001,67.08333333333333,51.29847259817711,27.15,0.4257240916658006,-1.564498227977884,0.15999070569237492,0.0034843240826106215,-5.746791024689031,0
2011,1120894,57343819,Brie,4920305,1096987,67.725,68.13333333333334,51.15900254618189,27.15,0.4257240916658006,-1.4792439392635994,0.1452071834634973,0.006011181690280978,-5.716258577702369,0
2012,1263031,63222059,Brie,4985870,1160579,68.19166666666666,69.19166666666668,50.05582523310988,27.15,0.4257240916658006,-1.3730935239551516,0.12415254282613843,0.014558063734649065,-5.680011260980976,0
2013,1318704,69473111,Brie,5051275,1239194,69.64166666666667,69.83333333333333,52.68286969630789,27.15,0.4257240916658006,-1.3429912505510038,0.13657227338470057,0.0027484034746924828,-5.6485425656123125,0
2014,1394575,80128937,Brie,5109056,1289773,71.075,72.47500000000001,57.457603212448234,27.15,0.4257240916658006,-1.29842494198073,0.17428847752439172,0.019506017270655686,-5.640284074977808,0
2015,1499773,93468642,Brie,5165802,1392923,72.60833333333333,72.60833333333333,62.321859374718706,27.15,0.4257240916658006,-1.2367466030902112,0.20884445599690857,0.0,-5.5957356489742756,0
2016,1472347,92241961,Brie,5213985,1418372,75.18333333333334,73.46666666666667,62.649607055945374,27.15,0.4257240916658006,-1.2644867124156913,0.1776510243433025,-0.023097786575645565,-5.621764278793223,0
2017,1425252,90575901,Brie,5258317,1479173,76.61666666666666,73.58333333333333,63.55079733268222,27.15,0.4257240916658006,-1.3054623733825221,0.16875151437684902,-0.04039608276816754,-5.607142499343405,0
2018,1495759,100297839,Brie,5295619,1532497,78.71666666666667,75.16666666666667,67.05481230599314,27.15,0.4257240916658006,-1.2642461046410043,0.1796163586543355,-0.046147037399393076,-5.605836351392557,0
2019,1477022,102194535,Brie,5328212,1606814,80.425,75.97500000000001,69.18958214569587,27.15,0.4257240916658006,-1.2829878237404235,0.18055419077980472,-0.05692073432223316,-5.586087458926465,0
2020,1533743,115747379,Brie,5367580,1653773,81.46666666666667,78.84166666666667,75.46725820427542,27.15,0.4257240916658006,-1.2526660021222709,0.23081218858052407,-0.0327523167069323,-5.577511749671338,1
2021,1649877,120327607,Brie,5391369,1781023,84.29166666666667,78.84166666666667,72.93125911810395,27.15,0.4257240916658006,-1.184098601860175,0.17169944037586082,-0.06684138489740167,-5.541894430041924,1
2022,1486100,114194854,Brie,5425270,1841637,89.15833333333335,82.76666666666667,76.841971603526,27.15,0.4257240916658006,-1.2949124289909253,0.15389988468509577,-0.07438841151054951,-5.570826633121196,0
2023,1459438,145651789,Brie,5488984,1911180,94.05833333333334,89.575,99.7999154469049,27.15,0.4257240916658006,-1.3246917445345074,0.2998774849422645,-0.04883889398256284,-5.598937479471178,0
2024,1424361,143291166,Brie,5550203,2030778,97.05,94.93333333333334,100.60031550990233,27.15,0.4257240916658006,-1.3601112115688174,0.27485138921057695,-0.02205141874530816,-5.580641842417804,0
2025,1436818,144107891,Brie,5594340,2163875,100.0,100.0,100.29655182493538,27.15,0.4257240916658006,-1.3593244260123127,0.24252688934787478,0.0,-5.555024962412617,0
2008,141801,11428511,Annen hvitmuggost,4737171,922870,63.89166666666666,63.666666666666664,80.5954189321655,27.15,0.2766503640817272,-3.5087707348095742,0.5225822715924294,-0.003527801398328158,-5.7928959623329295,0
2009,139614,11695858,Annen hvitmuggost,4799252,978329,65.27499999999999,67.22500000000001,83.77281647972266,27.15,0.2766503640817272,-3.5373338795865084,0.5302254978317433,0.029436087569736088,-5.768978451721821,0
2010,149909,12230088,Annen hvitmuggost,4858199,1036996,66.85000000000001,67.08333333333333,81.58341393778892,27.15,0.2766503640817272,-3.4783946287496432,0.4864478392745828,0.0034843240826106215,-5.746791024689031,0
2011,157283,13398693,Annen hvitmuggost,4920305,1096987,67.725,68.13333333333334,85.18843740264364,27.15,0.2766503640817272,-3.443079068955449,0.5060606894996585,0.006011181690280978,-5.716258577702369,0
2012,161554,13219810,Annen hvitmuggost,4985870,1160579,68.19166666666666,69.19166666666668,81.82904787253797,27.15,0.2766503640817272,-3.4295237386390234,0.4688332746540532,0.014558063734649065,-5.680011260980976,0
2013,250983,19382202,Annen hvitmuggost,5051275,1239194,69.64166666666667,69.83333333333333,77.22515867608563,27.15,0.2766503640817272,-3.002010757896018,0.40462865620039595,0.0027484034746924828,-5.6485425656123125,0
2014,249828,20698342,Annen hvitmuggost,5109056,1289773,71.075,72.47500000000001,82.85036905390909,27.15,0.2766503640817272,-3.0179972492382183,0.43674806328526167,0.019506017270655686,-5.640284074977808,0
2015,260550,21349703,Annen hvitmuggost,5165802,1392923,72.60833333333333,72.60833333333333,81.94090577624256,27.15,0.2766503640817272,-2.9870208640399114,0.4071018331440366,0.0,-5.5957356489742756,0
2016,291486,26979222,Annen hvitmuggost,5213985,1418372,75.18333333333334,73.46666666666667,92.55752248821555,27.15,0.2766503640817272,-2.884107740426405,0.4651218799160774,-0.023097786575645565,-5.621764278793223,0
2017,299748,29881165,Annen hvitmuggost,5258317,1479173,76.61666666666666,73.58333333333333,99.68762093491867,27.15,0.2766503640817272,-2.8646241708973057,0.5040930594840564,-0.04039608276816754,-5.607142499343405,0
2018,222079,22178943,Annen hvitmuggost,5295619,1532497,78.71666666666667,75.16666666666667,99.8696094632991,27.15,0.2766503640817272,-3.1716019795148895,0.4784865720881429,-0.046147037399393076,-5.605836351392557,0
2019,196743,20378433,Annen hvitmuggost,5328212,1606814,80.425,75.97500000000001,103.57894817096415,27.15,0.2766503640817272,-3.298872692698681,0.48580100860405784,-0.05692073432223316,-5.586087458926465,0
2020,189692,21059312,Annen hvitmuggost,5367580,1653773,81.46666666666667,78.84166666666667,111.01845096261307,27.15,0.2766503640817272,-3.342730729958376,0.5282796612785744,-0.0327523167069323,-5.577511749671338,1
2021,238934,26119938,Annen hvitmuggost,5391369,1781023,84.29166666666667,78.84166666666667,109.31863192346003,27.15,0.2766503640817272,-3.1163672573543155,0.48181177863798014,-0.06684138489740167,-5.541894430041924,1
2022,296020,34637360,Annen hvitmuggost,5425270,1841637,89.15833333333335,82.76666666666667,117.01020201337748,27.15,0.2766503640817272,-2.9083959271464064,0.4805113798161469,-0.07438841151054951,-5.570826633121196,0
2023,328805,45789862,Annen hvitmuggost,5488984,1911180,94.05833333333334,89.575,139.26145283678775,27.15,0.2766503640817272,-2.815033583745836,0.5705481959892059,-0.04883889398256284,-5.598937479471178,0
2024,322193,47556561,Annen hvitmuggost,5550203,2030778,97.05,94.93333333333334,147.60271328054924,27.15,0.2766503640817272,-2.846439037777532,0.5881455980195607,-0.02205141874530816,-5.580641842417804,0
2025,318552,49626526,Annen hvitmuggost,5594340,2163875,100.0,100.0,155.7878336974811,27.15,0.2766503640817272,-2.865724924329408,0.60397620256884,0.0,-5.555024962412617,0
2008,463809,24096412,Revet ost,4737171,922870,63.89166666666666,63.666666666666664,51.95330836615935,27.15,0.41199933046364307,-2.323722571519842,0.2135657582315879,-0.003527801398328158,-5.7928959623329295,0
2009,516836,27026495,Revet ost,4799252,978329,65.27499999999999,67.22500000000001,52.292206812218964,27.15,0.41199933046364307,-2.2284897419343634,0.1964206843758855,0.029436087569736088,-5.768978451721821,0
2010,574580,29660590,Revet ost,4858199,1036996,66.85000000000001,67.08333333333333,51.6213408054579,27.15,0.41199933046364307,-2.134783732965269,0.1640979318004733,0.0034843240826106215,-5.746791024689031,0
2011,568034,30249337,Revet ost,4920305,1096987,67.725,68.13333333333334,53.25268733913815,27.15,0.41199933046364307,-2.1589445233502627,0.17159221227131796,0.006011181690280978,-5.716258577702369,0
2012,632766,33850038,Revet ost,4985870,1160579,68.19166666666666,69.19166666666668,53.495348991570346,27.15,0.41199933046364307,-2.0642625051856034,0.1677387661185738,0.014558063734649065,-5.680011260980976,0
2013,656791,35229716,Revet ost,5051275,1239194,69.64166666666667,69.83333333333333,53.63915766202643,27.15,0.41199933046364307,-2.040030110407546,0.14847972195257342,0.0027484034746924828,-5.6485425656123125,0
2014,755823,41956248,Revet ost,5109056,1289773,71.075,72.47500000000001,55.51067908756415,27.15,0.41199933046364307,-1.91096270853645,0.15100836694423217,0.019506017270655686,-5.640284074977808,0
2015,796246,44895613,Revet ost,5165802,1392923,72.60833333333333,72.60833333333333,56.38409863283458,27.15,0.41199933046364307,-1.8699074620692606,0.14017521590881019,0.0,-5.5957356489742756,0
2016,1043592,62514557,Revet ost,5213985,1418372,75.18333333333334,73.46666666666667,59.90325433694394,27.15,0.41199933046364307,-1.6086758301584787,0.14659047501543032,-0.023097786575645565,-5.621764278793223,0
2017,1211011,75082111,Revet ost,5258317,1479173,76.61666666666666,73.58333333333333,61.999528493135074,27.15,0.41199933046364307,-1.468355465641829,0.15150042179499637,-0.04039608276816754,-5.607142499343405,0
2018,1436647,89989505,Revet ost,5295619,1532497,78.71666666666667,75.16666666666667,62.63856396178045,27.15,0.41199933046364307,-1.304567948700487,0.13160270943289432,-0.046147037399393076,-5.605836351392557,0
2019,1604590,101665419,Revet ost,5328212,1606814,80.425,75.97500000000001,63.359125384054494,27.15,0.41199933046364307,-1.2001474500010483,0.11812560547046572,-0.05692073432223316,-5.586087458926465,0
2020,1803797,123442402,Revet ost,5367580,1653773,81.46666666666667,78.84166666666667,68.43475291288321,27.15,0.41199933046364307,-1.0904832675851326,0.15981938034944193,-0.0327523167069323,-5.577511749671338,1
2021,2146374,142837288,Revet ost,5391369,1781023,84.29166666666667,78.84166666666667,66.54818219005635,27.15,0.41199933046364307,-0.9210194347895585,0.10579578191681858,-0.06684138489740167,-5.541894430041924,1
2022,2114884,164767970,Revet ost,5425270,1841637,89.15833333333335,82.76666666666667,77.90875055085763,27.15,0.41199933046364307,-0.9420677031148834,0.1641059073787341,-0.07438841151054951,-5.570826633121196,0
2023,1864669,172861463,Revet ost,5488984,1911180,94.05833333333334,89.575,92.7035645468445,27.15,0.41199933046364307,-1.0796596171911557,0.2423555449987416,-0.04883889398256284,-5.598937479471178,0
2024,2001066,191999755,Revet ost,5550203,2030778,97.05,94.93333333333334,95.9487368232732,27.15,0.41199933046364307,-1.0201544651001146,0.23776046213584487,-0.02205141874530816,-5.580641842417804,0
2025,2184499,217259093,Revet ost,5594340,2163875,100.0,100.0,99.45488324782937,27.15,0.41199933046364307,-0.9403688607006898,0.23590089523582997,0.0,-5.555024962412617,0
2008,206897,11363457,Smelteost,4737171,922870,63.89166666666666,63.666666666666664,54.923256499610915,27.15,0.4382518226544239,-3.1309743161808754,0.2504232796146736,-0.003527801398328158,-5.7928959623329295,0
2009,249196,13927885,Smelteost,4799252,978329,65.27499999999999,67.22500000000001,55.8912863769884,27.15,0.4382518226544239,-2.957975615999266,0.2407287957647661,0.029436087569736088,-5.768978451721821,0
2010,354140,17226836,Smelteost,4858199,1036996,66.85000000000001,67.08333333333333,48.64414073530242,27.15,0.4382518226544239,-2.618730756904479,0.125569687106087,0.0034843240826106215,-5.746791024689031,0
2011,365181,18026820,Smelteost,4920305,1096987,67.725,68.13333333333334,49.364068776853124,27.15,0.4382518226544239,-2.6007326783544227,0.12201924153255274,0.006011181690280978,-5.716258577702369,0
2012,317683,18128187,Smelteost,4985870,1160579,68.19166666666666,69.19166666666668,57.06376167437351,27.15,0.4382518226544239,-2.753309160495655,0.21103598046125704,0.014558063734649065,-5.680011260980976,0
2013,723373,30372774,Smelteost,5051275,1239194,69.64166666666667,69.83333333333333,41.98770758654249,27.15,0.4382518226544239,-1.9434709705779325,-0.007262769385762815,0.0027484034746924828,-5.6485425656123125,0
2014,884909,38166202,Smelteost,5109056,1289773,71.075,72.47500000000001,43.13008682248683,27.15,0.4382518226544239,-1.7532851154575209,-0.0112471588392087,0.019506017270655686,-5.640284074977808,0
2015,938819,41628406,Smelteost,5165802,1392923,72.60833333333333,72.60833333333333,44.34124788697289,27.15,0.4382518226544239,-1.705192943020593,-0.015504664416852904,0.0,-5.5957356489742756,0
2016,1190088,55568765,Smelteost,5213985,1418372,75.18333333333334,73.46666666666667,46.69298824960843,27.15,0.4382518226544239,-1.4773171846680717,-0.017988516558004913,-0.023097786575645565,-5.621764278793223,0
2017,1186605,57120149,Smelteost,5258317,1479173,76.61666666666666,73.58333333333333,48.13745854770543,27.15,0.4382518226544239,-1.4887147250202772,-0.01750106580111805,-0.04039608276816754,-5.607142499343405,0
2018,1293708,64056114,Smelteost,5295619,1532497,78.71666666666667,75.16666666666667,49.51357957127883,27.15,0.4382518226544239,-1.4093673612227429,-0.02642815469122699,-0.046147037399393076,-5.605836351392557,0
2019,1492693,74731970,Smelteost,5328212,1606814,80.425,75.97500000000001,50.065197599238424,27.15,0.4382518226544239,-1.2724338510790696,-0.04072877537500318,-0.05692073432223316,-5.586087458926465,0
2020,1357580,75623762,Smelteost,5367580,1653773,81.46666666666667,78.84166666666667,55.70482918133738,27.15,0.4382518226544239,-1.3746734522280835,0.016896091792433683,-0.0327523167069323,-5.577511749671338,1
2021,1636036,88341537,Smelteost,5391369,1781023,84.29166666666667,78.84166666666667,53.99730629399353,27.15,0.4382518226544239,-1.1925230987110416,-0.03801690756918265,-0.06684138489740167,-5.541894430041924,1
2022,1745594,104600615,Smelteost,5425270,1841637,89.15833333333335,82.76666666666667,59.922648107177274,27.15,0.4382518226544239,-1.1339727688961154,-0.023671009435653645,-0.07438841151054951,-5.570826633121196,0
2023,1736636,125541902,Smelteost,5488984,1911180,94.05833333333334,89.575,72.29027959802745,27.15,0.4382518226544239,-1.150793266050826,0.05564210175086209,-0.04883889398256284,-5.598937479471178,0
2024,1904572,138619521,Smelteost,5550203,2030778,97.05,94.93333333333334,72.7825049407426,27.15,0.4382518226544239,-1.069577192245875,0.02926869789880203,-0.02205141874530816,-5.580641842417804,0
2025,2017115,153700801,Smelteost,5594340,2163875,100.0,100.0,76.19833326310102,27.15,0.4382518226544239,-1.0200870996231608,0.032934972898863955,0.0,-5.555024962412617,0
