Land,year,Mengde1,Verdi,eksponering,eksponering_alt,import_hard_2010_11_kg,post,antic,ExP,ExA,ExP_alt,ExA_alt,kg,w
CH,2008,29940,2440151,0.14637531675389337,0.3183015141540487,39265.5,0,0,0.0,0.0,0.0,0.0,29940,0.17490971762229157
CH,2009,31613,2959418,0.14637531675389337,0.3183015141540487,39265.5,0,0,0.0,0.0,0.0,0.0,31613,0.17490971762229157
CH,2010,40652,3435495,0.14637531675389337,0.3183015141540487,39265.5,0,0,0.0,0.0,0.0,0.0,40652,0.17490971762229157
CH,2011,37879,3896947,0.14637531675389337,0.3183015141540487,39265.5,0,0,0.0,0.0,0.0,0.0,37879,0.17490971762229157
CH,2012,45646,4764460,0.14637531675389337,0.3183015141540487,39265.5,0,1,0.0,0.14637531675389337,0.0,0.3183015141540487,45646,0.17490971762229157
CH,2013,44757,5052821,0.14637531675389337,0.3183015141540487,39265.5,1,0,0.14637531675389337,0.0,0.3183015141540487,0.0,44757,0.17490971762229157
CH,2014,49421,6237150,0.14637531675389337,0.3183015141540487,39265.5,1,0,0.14637531675389337,0.0,0.3183015141540487,0.0,49421,0.17490971762229157
CH,2015,84852,7758652,0.14637531675389337,0.3183015141540487,39265.5,1,0,0.14637531675389337,0.0,0.3183015141540487,0.0,84852,0.17490971762229157
CH,2016,46622,7491940,0.14637531675389337,0.3183015141540487,39265.5,1,0,0.14637531675389337,0.0,0.3183015141540487,0.0,46622,0.17490971762229157
CH,2017,69623,8701599,0.14637531675389337,0.3183015141540487,39265.5,1,0,0.14637531675389337,0.0,0.3183015141540487,0.0,69623,0.17490971762229157
CH,2018,58859,8015059,0.14637531675389337,0.3183015141540487,39265.5,1,0,0.14637531675389337,0.0,0.3183015141540487,0.0,58859,0.17490971762229157
CH,2019,59512,9289774,0.14637531675389337,0.3183015141540487,39265.5,1,0,0.14637531675389337,0.0,0.3183015141540487,0.0,59512,0.17490971762229157
DE,2008,80882,3738902,0.9998839807850081,0.9995050308557378,181004.5,0,0,0.0,0.0,0.0,0.0,80882,0.8062916805685417
DE,2009,166361,6415140,0.9998839807850081,0.9995050308557378,181004.5,0,0,0.0,0.0,0.0,0.0,166361,0.8062916805685417
DE,2010,184242,7059041,0.9998839807850081,0.9995050308557378,181004.5,0,0,0.0,0.0,0.0,0.0,184242,0.8062916805685417
DE,2011,177767,6589540,0.9998839807850081,0.9995050308557378,181004.5,0,0,0.0,0.0,0.0,0.0,177767,0.8062916805685417
DE,2012,319873,9868728,0.9998839807850081,0.9995050308557378,181004.5,0,1,0.0,0.9998839807850081,0.0,0.9995050308557378,319873,0.8062916805685417
DE,2013,216907,8946204,0.9998839807850081,0.9995050308557378,181004.5,1,0,0.9998839807850081,0.0,0.9995050308557378,0.0,216907,0.8062916805685417
DE,2014,158874,8242478,0.9998839807850081,0.9995050308557378,181004.5,1,0,0.9998839807850081,0.0,0.9995050308557378,0.0,158874,0.8062916805685417
DE,2015,125669,7552104,0.9998839807850081,0.9995050308557378,181004.5,1,0,0.9998839807850081,0.0,0.9995050308557378,0.0,125669,0.8062916805685417
DE,2016,138780,7648632,0.9998839807850081,0.9995050308557378,181004.5,1,0,0.9998839807850081,0.0,0.9995050308557378,0.0,138780,0.8062916805685417
DE,2017,218137,12065849,0.9998839807850081,0.9995050308557378,181004.5,1,0,0.9998839807850081,0.0,0.9995050308557378,0.0,218137,0.8062916805685417
DE,2018,225050,13366777,0.9998839807850081,0.9995050308557378,181004.5,1,0,0.9998839807850081,0.0,0.9995050308557378,0.0,225050,0.8062916805685417
DE,2019,190000,11639387,0.9998839807850081,0.9995050308557378,181004.5,1,0,0.9998839807850081,0.0,0.9995050308557378,0.0,190000,0.8062916805685417
DK,2008,409497,22651801,0.9618876913280348,0.9721775056997821,487611.5,0,0,0.0,0.0,0.0,0.0,409497,2.172084648721703
DK,2009,393734,21987453,0.9618876913280348,0.9721775056997821,487611.5,0,0,0.0,0.0,0.0,0.0,393734,2.172084648721703
DK,2010,428579,22197699,0.9618876913280348,0.9721775056997821,487611.5,0,0,0.0,0.0,0.0,0.0,428579,2.172084648721703
DK,2011,546644,34384016,0.9618876913280348,0.9721775056997821,487611.5,0,0,0.0,0.0,0.0,0.0,546644,2.172084648721703
DK,2012,573031,39884641,0.9618876913280348,0.9721775056997821,487611.5,0,1,0.0,0.9618876913280348,0.0,0.9721775056997821,573031,2.172084648721703
DK,2013,395387,23140598,0.9618876913280348,0.9721775056997821,487611.5,1,0,0.9618876913280348,0.0,0.9721775056997821,0.0,395387,2.172084648721703
DK,2014,398503,23320575,0.9618876913280348,0.9721775056997821,487611.5,1,0,0.9618876913280348,0.0,0.9721775056997821,0.0,398503,2.172084648721703
DK,2015,417995,24871273,0.9618876913280348,0.9721775056997821,487611.5,1,0,0.9618876913280348,0.0,0.9721775056997821,0.0,417995,2.172084648721703
DK,2016,453929,27637926,0.9618876913280348,0.9721775056997821,487611.5,1,0,0.9618876913280348,0.0,0.9721775056997821,0.0,453929,2.172084648721703
DK,2017,490288,30999175,0.9618876913280348,0.9721775056997821,487611.5,1,0,0.9618876913280348,0.0,0.9721775056997821,0.0,490288,2.172084648721703
DK,2018,488436,34485620,0.9618876913280348,0.9721775056997821,487611.5,1,0,0.9618876913280348,0.0,0.9721775056997821,0.0,488436,2.172084648721703
DK,2019,468893,33906133,0.9618876913280348,0.9721775056997821,487611.5,1,0,0.9618876913280348,0.0,0.9721775056997821,0.0,468893,2.172084648721703
EE,2008,137006,5431213,1.0,1.0,85888.5,0,0,0.0,0.0,0.0,0.0,137006,0.3825937090321578
EE,2009,72995,1647308,1.0,1.0,85888.5,0,0,0.0,0.0,0.0,0.0,72995,0.3825937090321578
EE,2010,54932,1326262,1.0,1.0,85888.5,0,0,0.0,0.0,0.0,0.0,54932,0.3825937090321578
EE,2011,116845,3231864,1.0,1.0,85888.5,0,0,0.0,0.0,0.0,0.0,116845,0.3825937090321578
EE,2012,22877,635248,1.0,1.0,85888.5,0,1,0.0,1.0,0.0,1.0,22877,0.3825937090321578
EE,2013,19989,571338,1.0,1.0,85888.5,1,0,1.0,0.0,1.0,0.0,19989,0.3825937090321578
EE,2014,0,0,1.0,1.0,85888.5,1,0,1.0,0.0,1.0,0.0,0,0.3825937090321578
EE,2015,0,0,1.0,1.0,85888.5,1,0,1.0,0.0,1.0,0.0,0,0.3825937090321578
EE,2016,8551,394668,1.0,1.0,85888.5,1,0,1.0,0.0,1.0,0.0,8551,0.3825937090321578
EE,2017,46,1632,1.0,1.0,85888.5,1,0,1.0,0.0,1.0,0.0,46,0.3825937090321578
EE,2018,49232,1542152,1.0,1.0,85888.5,1,0,1.0,0.0,1.0,0.0,49232,0.3825937090321578
EE,2019,57864,2019823,1.0,1.0,85888.5,1,0,1.0,0.0,1.0,0.0,57864,0.3825937090321578
ES,2008,51749,4934040,0.0,0.21136956796130335,75018.0,0,0,0.0,0.0,0.0,0.0,51749,0.3341706382597718
ES,2009,53871,5730642,0.0,0.21136956796130335,75018.0,0,0,0.0,0.0,0.0,0.0,53871,0.3341706382597718
ES,2010,71112,7092872,0.0,0.21136956796130335,75018.0,0,0,0.0,0.0,0.0,0.0,71112,0.3341706382597718
ES,2011,78924,7414758,0.0,0.21136956796130335,75018.0,0,0,0.0,0.0,0.0,0.0,78924,0.3341706382597718
ES,2012,115312,9852469,0.0,0.21136956796130335,75018.0,0,1,0.0,0.0,0.0,0.21136956796130335,115312,0.3341706382597718
ES,2013,112884,10132664,0.0,0.21136956796130335,75018.0,1,0,0.0,0.0,0.21136956796130335,0.0,112884,0.3341706382597718
ES,2014,132719,12395499,0.0,0.21136956796130335,75018.0,1,0,0.0,0.0,0.21136956796130335,0.0,132719,0.3341706382597718
ES,2015,136676,14117142,0.0,0.21136956796130335,75018.0,1,0,0.0,0.0,0.21136956796130335,0.0,136676,0.3341706382597718
ES,2016,144933,14934830,0.0,0.21136956796130335,75018.0,1,0,0.0,0.0,0.21136956796130335,0.0,144933,0.3341706382597718
ES,2017,151045,16628831,0.0,0.21136956796130335,75018.0,1,0,0.0,0.0,0.21136956796130335,0.0,151045,0.3341706382597718
ES,2018,167133,20252489,0.0,0.21136956796130335,75018.0,1,0,0.0,0.0,0.21136956796130335,0.0,167133,0.3341706382597718
ES,2019,196032,23788943,0.0,0.21136956796130335,75018.0,1,0,0.0,0.0,0.21136956796130335,0.0,196032,0.3341706382597718
FR,2008,300217,30402335,0.6442756651573904,0.695092810543585,318364.5,0,0,0.0,0.0,0.0,0.0,300217,1.418167215391681
FR,2009,294483,31921399,0.6442756651573904,0.695092810543585,318364.5,0,0,0.0,0.0,0.0,0.0,294483,1.418167215391681
FR,2010,321992,31342976,0.6442756651573904,0.695092810543585,318364.5,0,0,0.0,0.0,0.0,0.0,321992,1.418167215391681
FR,2011,314737,31385531,0.6442756651573904,0.695092810543585,318364.5,0,0,0.0,0.0,0.0,0.0,314737,1.418167215391681
FR,2012,334408,32406662,0.6442756651573904,0.695092810543585,318364.5,0,1,0.0,0.6442756651573904,0.0,0.695092810543585,334408,1.418167215391681
FR,2013,349993,35928504,0.6442756651573904,0.695092810543585,318364.5,1,0,0.6442756651573904,0.0,0.695092810543585,0.0,349993,1.418167215391681
FR,2014,379019,42629837,0.6442756651573904,0.695092810543585,318364.5,1,0,0.6442756651573904,0.0,0.695092810543585,0.0,379019,1.418167215391681
FR,2015,356125,41063244,0.6442756651573904,0.695092810543585,318364.5,1,0,0.6442756651573904,0.0,0.695092810543585,0.0,356125,1.418167215391681
FR,2016,354626,39484431,0.6442756651573904,0.695092810543585,318364.5,1,0,0.6442756651573904,0.0,0.695092810543585,0.0,354626,1.418167215391681
FR,2017,381003,42289299,0.6442756651573904,0.695092810543585,318364.5,1,0,0.6442756651573904,0.0,0.695092810543585,0.0,381003,1.418167215391681
FR,2018,385480,43095754,0.6442756651573904,0.695092810543585,318364.5,1,0,0.6442756651573904,0.0,0.695092810543585,0.0,385480,1.418167215391681
FR,2019,366257,41842967,0.6442756651573904,0.695092810543585,318364.5,1,0,0.6442756651573904,0.0,0.695092810543585,0.0,366257,1.418167215391681
GB,2008,342362,13032169,0.9226985841468776,0.9300287175914487,410600.5,0,0,0.0,0.0,0.0,0.0,342362,1.8290361133965372
GB,2009,431278,13829553,0.9226985841468776,0.9300287175914487,410600.5,0,0,0.0,0.0,0.0,0.0,431278,1.8290361133965372
GB,2010,389803,14253559,0.9226985841468776,0.9300287175914487,410600.5,0,0,0.0,0.0,0.0,0.0,389803,1.8290361133965372
GB,2011,431398,14843879,0.9226985841468776,0.9300287175914487,410600.5,0,0,0.0,0.0,0.0,0.0,431398,1.8290361133965372
GB,2012,622926,21655748,0.9226985841468776,0.9300287175914487,410600.5,0,1,0.0,0.9226985841468776,0.0,0.9300287175914487,622926,1.8290361133965372
GB,2013,255020,10639991,0.9226985841468776,0.9300287175914487,410600.5,1,0,0.9226985841468776,0.0,0.9300287175914487,0.0,255020,1.8290361133965372
GB,2014,238754,11780630,0.9226985841468776,0.9300287175914487,410600.5,1,0,0.9226985841468776,0.0,0.9300287175914487,0.0,238754,1.8290361133965372
GB,2015,149030,10390459,0.9226985841468776,0.9300287175914487,410600.5,1,0,0.9226985841468776,0.0,0.9300287175914487,0.0,149030,1.8290361133965372
GB,2016,285122,16697155,0.9226985841468776,0.9300287175914487,410600.5,1,0,0.9226985841468776,0.0,0.9300287175914487,0.0,285122,1.8290361133965372
GB,2017,294727,16205616,0.9226985841468776,0.9300287175914487,410600.5,1,0,0.9226985841468776,0.0,0.9300287175914487,0.0,294727,1.8290361133965372
GB,2018,165102,11359136,0.9226985841468776,0.9300287175914487,410600.5,1,0,0.9226985841468776,0.0,0.9300287175914487,0.0,165102,1.8290361133965372
GB,2019,170657,12461291,0.9226985841468776,0.9300287175914487,410600.5,1,0,0.9226985841468776,0.0,0.9300287175914487,0.0,170657,1.8290361133965372
IT,2008,291277,27721441,0.0,0.09668344415597185,329316.5,0,0,0.0,0.0,0.0,0.0,291277,1.4669533311268514
IT,2009,313799,30545576,0.0,0.09668344415597185,329316.5,0,0,0.0,0.0,0.0,0.0,313799,1.4669533311268514
IT,2010,357933,33569693,0.0,0.09668344415597185,329316.5,0,0,0.0,0.0,0.0,0.0,357933,1.4669533311268514
IT,2011,300700,29751830,0.0,0.09668344415597185,329316.5,0,0,0.0,0.0,0.0,0.0,300700,1.4669533311268514
IT,2012,352549,35170472,0.0,0.09668344415597185,329316.5,0,1,0.0,0.0,0.0,0.09668344415597185,352549,1.4669533311268514
IT,2013,430536,47021256,0.0,0.09668344415597185,329316.5,1,0,0.0,0.0,0.09668344415597185,0.0,430536,1.4669533311268514
IT,2014,505043,58497638,0.0,0.09668344415597185,329316.5,1,0,0.0,0.0,0.09668344415597185,0.0,505043,1.4669533311268514
IT,2015,607391,68041913,0.0,0.09668344415597185,329316.5,1,0,0.0,0.0,0.09668344415597185,0.0,607391,1.4669533311268514
IT,2016,707758,77839484,0.0,0.09668344415597185,329316.5,1,0,0.0,0.0,0.09668344415597185,0.0,707758,1.4669533311268514
IT,2017,754313,83898195,0.0,0.09668344415597185,329316.5,1,0,0.0,0.0,0.09668344415597185,0.0,754313,1.4669533311268514
IT,2018,722493,81644229,0.0,0.09668344415597185,329316.5,1,0,0.0,0.0,0.09668344415597185,0.0,722493,1.4669533311268514
IT,2019,839305,102379968,0.0,0.09668344415597185,329316.5,1,0,0.0,0.0,0.09668344415597185,0.0,839305,1.4669533311268514
NL,2008,186532,8802944,0.9676340642860038,0.9763603348847891,246710.0,0,0,0.0,0.0,0.0,0.0,186532,1.0989794204733305
NL,2009,179939,8134487,0.9676340642860038,0.9763603348847891,246710.0,0,0,0.0,0.0,0.0,0.0,179939,1.0989794204733305
NL,2010,258922,11880402,0.9676340642860038,0.9763603348847891,246710.0,0,0,0.0,0.0,0.0,0.0,258922,1.0989794204733305
NL,2011,234498,10124703,0.9676340642860038,0.9763603348847891,246710.0,0,0,0.0,0.0,0.0,0.0,234498,1.0989794204733305
NL,2012,272190,14012850,0.9676340642860038,0.9763603348847891,246710.0,0,1,0.0,0.9676340642860038,0.0,0.9763603348847891,272190,1.0989794204733305
NL,2013,276360,14076368,0.9676340642860038,0.9763603348847891,246710.0,1,0,0.9676340642860038,0.0,0.9763603348847891,0.0,276360,1.0989794204733305
NL,2014,280966,16229049,0.9676340642860038,0.9763603348847891,246710.0,1,0,0.9676340642860038,0.0,0.9763603348847891,0.0,280966,1.0989794204733305
NL,2015,325114,19141924,0.9676340642860038,0.9763603348847891,246710.0,1,0,0.9676340642860038,0.0,0.9763603348847891,0.0,325114,1.0989794204733305
NL,2016,408710,20788979,0.9676340642860038,0.9763603348847891,246710.0,1,0,0.9676340642860038,0.0,0.9763603348847891,0.0,408710,1.0989794204733305
NL,2017,276702,15060687,0.9676340642860038,0.9763603348847891,246710.0,1,0,0.9676340642860038,0.0,0.9763603348847891,0.0,276702,1.0989794204733305
NL,2018,504466,26761577,0.9676340642860038,0.9763603348847891,246710.0,1,0,0.9676340642860038,0.0,0.9763603348847891,0.0,504466,1.0989794204733305
NL,2019,525634,28173839,0.9676340642860038,0.9763603348847891,246710.0,1,0,0.9676340642860038,0.0,0.9763603348847891,0.0,525634,1.0989794204733305
SE,2008,59611,3015952,0.977447044845792,0.9484151472650771,71121.5,0,0,0.0,0.0,0.0,0.0,59611,0.31681352540713376
SE,2009,27416,1216871,0.977447044845792,0.9484151472650771,71121.5,0,0,0.0,0.0,0.0,0.0,27416,0.31681352540713376
SE,2010,65885,4792126,0.977447044845792,0.9484151472650771,71121.5,0,0,0.0,0.0,0.0,0.0,65885,0.31681352540713376
SE,2011,76358,5681315,0.977447044845792,0.9484151472650771,71121.5,0,0,0.0,0.0,0.0,0.0,76358,0.31681352540713376
SE,2012,100495,7008502,0.977447044845792,0.9484151472650771,71121.5,0,1,0.0,0.977447044845792,0.0,0.9484151472650771,100495,0.31681352540713376
SE,2013,95044,7058103,0.977447044845792,0.9484151472650771,71121.5,1,0,0.977447044845792,0.0,0.9484151472650771,0.0,95044,0.31681352540713376
SE,2014,11906,867316,0.977447044845792,0.9484151472650771,71121.5,1,0,0.977447044845792,0.0,0.9484151472650771,0.0,11906,0.31681352540713376
SE,2015,10512,1189864,0.977447044845792,0.9484151472650771,71121.5,1,0,0.977447044845792,0.0,0.9484151472650771,0.0,10512,0.31681352540713376
SE,2016,83686,4782290,0.977447044845792,0.9484151472650771,71121.5,1,0,0.977447044845792,0.0,0.9484151472650771,0.0,83686,0.31681352540713376
SE,2017,73601,4895634,0.977447044845792,0.9484151472650771,71121.5,1,0,0.977447044845792,0.0,0.9484151472650771,0.0,73601,0.31681352540713376
SE,2018,84377,10251773,0.977447044845792,0.9484151472650771,71121.5,1,0,0.977447044845792,0.0,0.9484151472650771,0.0,84377,0.31681352540713376
SE,2019,81146,8096770,0.977447044845792,0.9484151472650771,71121.5,1,0,0.977447044845792,0.0,0.9484151472650771,0.0,81146,0.31681352540713376
