year,Mengde1,Verdi,group,ln_kg,ln_uv,post,antic
2008,1926446,123960425,Hard/halvhard ost,14.471187412549089,4.164285506854187,0,0
2009,1970567,124615574,Hard/halvhard ost,14.493831876561613,4.1469122719194855,0,0
2010,2178390,137166254,Hard/halvhard ost,14.594096629805994,4.142607651097301,0,0
2011,2338640,148100003,Hard/halvhard ost,14.665080121792485,4.148318177702125,0,0
2012,2775686,175871327,Hard/halvhard ost,14.836408481819213,4.148854707210862,0,1
2013,2263301,164331245,Hard/halvhard ost,14.632334925050442,4.285059810296916,1,0
2014,2239708,183663183,Hard/halvhard ost,14.621856058191135,4.406758052745938,1,0
2015,2319350,199746065,Hard/halvhard ost,14.656797531973076,4.455759910819011,1,0
2016,2738129,222970980,Hard/halvhard ost,14.82278539840292,4.399766788024093,1,0
2017,2835098,237411957,Hard/halvhard ost,14.857587062447768,4.427720342893818,1,0
2018,3075535,262271617,Hard/halvhard ost,14.938989427829178,4.445901802994403,1,0
2019,3152308,283841173,Hard/halvhard ost,14.963645440922075,4.500279948764795,1,0
2008,2047800,68419691,Fersk ost,14.532276604122853,3.5088946171573547,0,0
2009,2090135,71893117,Fersk ost,14.552739215156372,3.5379518727716706,0,0
2010,2377441,75054283,Fersk ost,14.681535257110585,3.4521869259257274,0,0
2011,3057740,84190423,Fersk ost,14.933186638965715,3.3154050926851943,0,0
2012,2937923,91710035,Fersk ost,14.893213427067547,3.4409289371052787,0,1
2013,3180291,99333834,Fersk ost,14.972483260003589,3.441513536053734,1,0
2014,3347861,107897331,Fersk ost,15.023832192405859,3.4728585016500237,1,0
2015,3750428,132439426,Fersk ost,15.137380524767213,3.5642554118286593,1,0
2016,4066299,133435846,Fersk ost,15.218243807112094,3.4908875588821418,1,0
2017,4138180,133991390,Fersk ost,15.23576663561657,3.4775194665029114,1,0
2018,4493647,153126489,Fersk ost,15.318175179465584,3.528599683832036,1,0
2019,4690945,162034604,Fersk ost,15.36114461266288,3.5421758626617623,1,0
2008,838484,67254128,Blåmuggost,13.639350778369842,4.384638179092155,0,0
2009,852958,71657776,Blåmuggost,13.656465587278,4.430946646636315,0,0
2010,856332,71415680,Blåmuggost,13.660413430396618,4.423614580646059,0,0
2011,803665,68910810,Blåmuggost,13.596937794664761,4.451385823061889,0,0
2012,813799,68260648,Blåmuggost,13.609468685745826,4.429375308766512,0,1
2013,928897,78884872,Blåmuggost,13.741753139743958,4.441746891313218,1,0
2014,1001553,90823257,Blåmuggost,13.817062353306834,4.507363591829115,1,0
2015,1065710,101614627,Blåmuggost,13.879151801668822,4.557546247613079,1,0
2016,1074378,104620702,Blåmuggost,13.887252447436468,4.5785995584458465,1,0
2017,1069772,106970793,Blåmuggost,13.882956099620294,4.6051102929279875,1,0
2018,964942,100602557,Blåmuggost,13.779823274887885,4.6468649579140395,1,0
2019,978937,103792626,Blåmuggost,13.79422256806305,4.663682917647091,1,0
2008,1816190,81337024,Feta,14.412251458221165,3.801860412387874,0,0
2009,1824760,84306046,Feta,14.41695902950163,3.833005110946144,0,0
2010,1935583,88882660,Feta,14.475919131056367,3.8269084997842477,0,0
2011,2303649,103492417,Feta,14.650004945442431,3.805003956842721,0,0
2012,2265223,105443259,Feta,14.633183766799059,3.8404997700153496,0,1
2013,2145838,112237881,Feta,14.579040710040935,3.957090404351874,1,0
2014,2198192,122469346,Feta,14.603145762269035,4.020225557630891,1,0
2015,2090678,119923537,Feta,14.552998973247945,4.04936593273882,1,0
2016,2123215,128708670,Feta,14.568442007342961,4.104620028921774,1,0
2017,2120510,129211124,Feta,14.567167183754561,4.109791060923109,1,0
2018,2296511,141696049,Feta,14.646901572634183,4.122293248786897,1,0
2019,2505572,158031054,Feta,14.734027609748109,4.144274506234628,1,0
2008,139140,8360434,Camembert,11.843235899477632,4.095784998111371,0,0
2009,140327,8565134,Camembert,11.85173069233666,4.111479642348447,0,0
2010,173992,9663553,Camembert,12.066764600128197,4.017107343819708,0,0
2011,188745,10120092,Camembert,12.148152176694177,3.9818811359971846,0,0
2012,226495,12085261,Camembert,12.33047814860638,3.977019020301228,0,1
2013,175352,9772205,Camembert,12.074550661263189,4.020502028181901,1,0
2014,154354,9633840,Camembert,11.94700394472247,4.133788513464713,1,0
2015,167805,11492777,Camembert,12.03055786994914,4.226671439098573,1,0
2016,163129,11237305,Camembert,12.002296577831256,4.2324530271661835,1,0
2017,154402,11568095,Camembert,11.947314869856795,4.316446565799988,1,0
2018,192380,15965608,Camembert,12.167227861706607,4.418719605006497,1,0
2019,204578,17195559,Camembert,12.228704599836513,4.431457110933992,1,0
2008,869279,44904528,Brie,13.675419411407365,3.9446297825456362,0,0
2009,933854,51307662,Brie,13.747075388075729,4.00627526763781,0,0
2010,1016301,52134689,Brie,13.831680123086802,3.937660977818796,0,0
2011,1120894,57343819,Brie,13.929637139153394,3.9349384797688556,0,0
2012,1263031,63222059,Brie,14.04902494576617,3.9131388872625634,0,1
2013,1318704,69473111,Brie,14.092159994081552,3.964290349505085,1,0
2014,1394575,80128937,Brie,14.148100267321261,4.051047340402155,1,0
2015,1499773,93468642,Brie,14.220824321287061,4.1323122370403675,1,0
2016,1472347,92241961,Brie,14.20236828418579,4.137557409270459,1,0
2017,1425252,90575901,Brie,14.169859198155429,4.151839544097782,1,0
2018,1495759,100297839,Brie,14.218144328282479,4.205510379053671,1,0
2019,1477022,102194535,Brie,14.205538456460136,4.2368503042627665,1,0
2008,141801,11428511,Annen hvitmuggost,11.862179945241476,4.389441810827388,0,0
2009,139614,11695858,Annen hvitmuggost,11.846636750815001,4.428108569180121,0,0
2010,149909,12230088,Annen hvitmuggost,11.917783722315043,4.40162598074352,0,0
2011,157283,13398693,Annen hvitmuggost,11.965802009461544,4.44486571338909,0,0
2012,161554,13219810,Annen hvitmuggost,11.992594731082297,4.404632289038847,0,1
2013,250983,19382202,Annen hvitmuggost,12.433140486736537,4.3467252935268545,1,0
2014,249828,20698342,Annen hvitmuggost,12.428527960063773,4.417036198345561,1,0
2015,260550,21349703,Annen hvitmuggost,12.470550060337361,4.405998326197762,1,0
2016,291486,26979222,Annen hvitmuggost,12.582747256175075,4.527830315978093,1,0
2017,299748,29881165,Annen hvitmuggost,12.610697400640646,4.6020415061186775,1,0
2018,222079,22178943,Annen hvitmuggost,12.310788453408595,4.6038654297968025,1,0
2019,196743,20378433,Annen hvitmuggost,12.189653587501878,4.640334106193888,1,0
2008,463809,24096412,Revet ost,13.047228108531208,3.9503453991779485,0,0
2009,516836,27026495,Revet ost,13.155480888467148,3.9568473506412873,0,0
2010,574580,29660590,Revet ost,13.261394618099418,3.943935168487384,0,0
2011,568034,30249337,Revet ost,13.24993655506673,3.9750482697788336,0,0
2012,632766,33850038,Revet ost,13.357855964535718,3.9795947153859146,0,1
2013,656791,35229716,Revet ost,13.39512113422501,3.982279354748536,1,0
2014,755823,41956248,Revet ost,13.535562500765542,4.016575418234953,1,0
2015,796246,44895613,Revet ost,13.587663462308011,4.032187179617565,1,0
2016,1043592,62514557,Revet ost,13.858179166443001,4.09273083314384,1,0
2017,1211011,75082111,Revet ost,14.006966105896122,4.12712678006674,1,0
2018,1436647,89989505,Revet ost,14.177822484222997,4.137381126160827,1,0
2019,1604590,101665419,Revet ost,14.28837883019951,4.148818943497615,1,0
2008,206897,11363457,Smelteost,12.239976363870175,4.005936874473462,0,0
2009,249196,13927885,Smelteost,12.425995014402245,4.023408489244836,0,0
2010,354140,17226836,Smelteost,12.777447594160208,3.8845313642833537,0,0
2011,365181,18026820,Smelteost,12.80814840006257,3.8992228068492873,0,0
2012,317683,18128187,Smelteost,12.668809309225667,4.044169268505034,0,1
2013,723373,30372774,Smelteost,13.491680274054623,3.7373768989343468,1,0
2014,884909,38166202,Smelteost,13.693240093844471,3.7642208236993864,1,0
2015,938819,41628406,Smelteost,13.752377981356679,3.7919153473864786,1,0
2016,1190088,55568765,Smelteost,13.989537811933408,3.8435940088540312,1,0
2017,1186605,57120149,Smelteost,13.986606846517674,3.874060638017944,1,0
2018,1293708,64056114,Smelteost,14.07302307170074,3.902246966725051,1,0
2019,1492693,74731970,Smelteost,14.21609242912149,3.913326108005836,1,0
