year,navngitt_tonn,annen_tonn,navngitt_andel_kg,navngitt_andel_verdi,enhetsverdi_navngitt,enhetsverdi_annen,sveits_navngitt_tonn
2013,686.855,1576.446,0.30347488027443104,0.4413961568903102,105.60479286021067,58.2297554118568,33.518
2014,714.72,1524.988,0.3191130272339073,0.4526791632485211,116.3259682113275,65.91703475699481,30.683
2015,801.045,1518.305,0.3453747817276392,0.46566542374689585,116.11686734203447,70.29630344364274,33.629
2016,876.655,1861.474,0.32016570439157543,0.45236733497785225,115.05642242387256,65.59650685424562,35.554
2017,918.202,1916.896,0.323869580522437,0.4520942936332394,116.89431192700516,67.85937578251506,35.69
2018,975.238,2100.297,0.3170953996621726,0.4493745771964337,120.8507020850295,68.75857081165188,35.29
2019,1066.61,2085.698,0.33835843451845443,0.4743920713715483,126.24295853217203,71.52961310793796,39.899
2020,1230.144,2366.067,0.34206669185984917,0.4808441500920804,137.34487263279746,77.09652093537504,46.249
2021,1398.242,2494.642,0.35917895318740556,0.49237256827492676,133.14143188375118,76.93758863997319,49.192
