"Varekoder","ImpEks","Land","Mengde1 2008","Mengde1 2009","Mengde1 2010","Mengde1 2011","Mengde1 2012","Mengde1 2013","Mengde1 2014","Mengde1 2015","Mengde1 2016","Mengde1 2017","Mengde1 2018","Mengde1 2019","Mengde1 2020","Mengde1 2021","Verdi 2008","Verdi 2009","Verdi 2010","Verdi 2011","Verdi 2012","Verdi 2013","Verdi 2014","Verdi 2015","Verdi 2016","Verdi 2017","Verdi 2018","Verdi 2019","Verdi 2020","Verdi 2021"
"04069091_2001","1","CH",3772,5353,3964,2592,3911,0,0,0,0,0,0,0,0,0,412266,632056,427765,312904,506329,0,0,0,0,0,0,0,0,0
"04069091_2001","1","FR",11549,13308,13145,14220,21865,0,0,0,0,0,0,0,0,0,1623975,1801727,1745647,1934789,2637224,0,0,0,0,0,0,0,0,0
"04069091_2001","1","IT",165696,197432,201513,132821,164290,0,0,0,0,0,0,0,0,0,18074934,21526008,21155428,14893604,19147414,0,0,0,0,0,0,0,0,0
"04069091_2001","1","DK",1737,1540,764,84068,92159,0,0,0,0,0,0,0,0,0,137232,137719,82828,10799866,12183237,0,0,0,0,0,0,0,0,0
"04069091_2001","1","NL",437,126,378,455,803,0,0,0,0,0,0,0,0,0,27156,14365,38011,58459,91898,0,0,0,0,0,0,0,0,0
"04069091_2001","1","DE",576,0,0,0,984,0,0,0,0,0,0,0,0,0,58247,0,0,0,94038,0,0,0,0,0,0,0,0,0
"04069091_2001","1","SE",0,0,60,0,0,0,0,0,0,0,0,0,0,0,0,0,8863,0,0,0,0,0,0,0,0,0,0,0
"04069091_2001","1","ES",744,785,1058,1890,2945,0,0,0,0,0,0,0,0,0,78884,90800,112355,179990,296293,0,0,0,0,0,0,0,0,0
"04069091_2001","1","GB",0,68,90,38,189,0,0,0,0,0,0,0,0,0,0,10467,7288,7167,26120,0,0,0,0,0,0,0,0,0
"04069091_2001","1","BE",3726,0,0,0,0,0,0,0,0,0,0,0,0,0,192487,0,0,0,0,0,0,0,0,0,0,0,0,0
"04069091_2001","1","PL",0,0,0,0,324,0,0,0,0,0,0,0,0,0,0,0,0,0,7671,0,0,0,0,0,0,0,0,0
"04069091_2001","1","GR",39,156,0,0,0,0,0,0,0,0,0,0,0,0,4094,15738,0,0,0,0,0,0,0,0,0,0,0,0
"04069099_2001","1","CH",26168,26260,36688,35287,41735,0,0,0,0,0,0,0,0,0,2027885,2327362,3007730,3584043,4258131,0,0,0,0,0,0,0,0,0
"04069099_2001","1","FR",288668,281175,308847,300517,312543,0,0,0,0,0,0,0,0,0,28778360,30119672,29597329,29450742,29769438,0,0,0,0,0,0,0,0,0
"04069099_2001","1","IT",125581,116367,156420,167879,188259,0,0,0,0,0,0,0,0,0,9646507,9019568,12414265,14858226,16023058,0,0,0,0,0,0,0,0,0
"04069099_2001","1","DK",407760,392194,427815,462576,480872,0,0,0,0,0,0,0,0,0,22514569,21849734,22114871,23584150,27701404,0,0,0,0,0,0,0,0,0
"04069099_2001","1","NL",186095,179813,258544,234043,271387,0,0,0,0,0,0,0,0,0,8775788,8120122,11842391,10066244,13920952,0,0,0,0,0,0,0,0,0
"04069099_2001","1","DE",80306,166361,184242,177767,318889,0,0,0,0,0,0,0,0,0,3680655,6415140,7059041,6589540,9774690,0,0,0,0,0,0,0,0,0
"04069099_2001","1","SE",59611,27416,65825,76358,100495,0,0,0,0,0,0,0,0,0,3015952,1216871,4783263,5681315,7008502,0,0,0,0,0,0,0,0,0
"04069099_2001","1","ES",51005,53086,70054,77034,112367,0,0,0,0,0,0,0,0,0,4855156,5639842,6980517,7234768,9556176,0,0,0,0,0,0,0,0,0
"04069099_2001","1","GB",342362,431210,389713,431360,622737,0,0,0,0,0,0,0,0,0,13032169,13819086,14246271,14836712,21629628,0,0,0,0,0,0,0,0,0
"04069099_2001","1","IE",12898,394,0,964,1519,0,0,0,0,0,0,0,0,0,595959,39439,0,42809,78028,0,0,0,0,0,0,0,0,0
"04069099_2001","1","BE",258,4221,1481,735,9772,0,0,0,0,0,0,0,0,0,34854,147740,46487,38254,356982,0,0,0,0,0,0,0,0,0
"04069099_2001","1","AT",1235,0,84,404,4391,0,0,0,0,0,0,0,0,0,83446,0,3210,11458,161190,0,0,0,0,0,0,0,0,0
"04069099_2001","1","PL",120,73,433,0,373,0,0,0,0,0,0,0,0,0,2476,2696,17313,0,7676,0,0,0,0,0,0,0,0,0
"04069099_2001","1","GR",652,39,0,46,0,0,0,0,0,0,0,0,0,0,57168,9090,0,3810,0,0,0,0,0,0,0,0,0,0
"04069099_2001","1","US",18445,195,0,17877,0,0,0,0,0,0,0,0,0,0,818993,13024,0,626395,0,0,0,0,0,0,0,0,0,0
"04069099_2001","1","CY",0,0,2340,0,0,0,0,0,0,0,0,0,0,0,0,0,149119,0,0,0,0,0,0,0,0,0,0,0
"04069099_2001","1","IS",0,0,0,2864,0,0,0,0,0,0,0,0,0,0,0,0,0,72894,0,0,0,0,0,0,0,0,0,0
"04069099_2001","1","EE",137006,72995,54932,116845,22877,0,0,0,0,0,0,0,0,0,5431213,1647308,1326262,3231864,635248,0,0,0,0,0,0,0,0,0
"04069092_2013","1","CH",0,0,0,0,0,33518,30683,33629,35554,35690,35290,39899,46249,49192,0,0,0,0,0,3931956,4032236,5104008,5914682,5788988,5750510,6712155,8686855,9090730
"04069092_2013","1","FR",0,0,0,0,0,113250,109031,75145,61370,63422,70829,62743,57075,69111,0,0,0,0,0,11964554,12862881,9232417,7405638,8076717,9123985,8323896,8289223,9647667
"04069092_2013","1","IT",0,0,0,0,0,387953,457171,543310,644112,672754,658932,772890,900811,998440,0,0,0,0,0,43950785,54917232,63101975,72831811,77209631,76364772,96877430,122934685,133339834
"04069092_2013","1","DK",0,0,0,0,0,18584,3504,16349,7054,12378,24793,15909,20643,64287,0,0,0,0,0,2243059,443994,1650247,739385,1293946,3357534,1851933,2504661,6079422
"04069092_2013","1","NL",0,0,0,0,0,7985,5190,4536,8399,3039,1294,913,1926,4984,0,0,0,0,0,870921,439429,558126,1131695,419176,166611,119153,264343,692839
"04069092_2013","1","DE",0,0,0,0,0,21,165,403,521,27,1480,3930,15164,1344,0,0,0,0,0,2220,23521,35054,57493,2188,105021,292913,1212988,61845
"04069092_2013","1","SE",0,0,0,0,0,1604,3913,9987,11623,16099,61871,22250,16500,19599,0,0,0,0,0,128970,362544,1087577,1163305,1816353,8587222,2673683,1985819,2335021
"04069092_2013","1","ES",0,0,0,0,0,92200,101490,113706,106926,114739,120678,148076,169873,189802,0,0,0,0,0,8419247,9772844,11985510,11501075,12720434,14392557,17800839,22947481,24662890
"04069092_2013","1","GB",0,0,0,0,0,31740,2810,0,349,0,0,0,0,923,0,0,0,0,0,1023468,182589,0,29342,0,0,0,0,200300
"04069092_2013","1","BE",0,0,0,0,0,0,740,458,625,0,0,0,0,16,0,0,0,0,0,0,102174,61812,79791,0,0,0,0,3520
"04069092_2013","1","AT",0,0,0,0,0,0,0,73,0,0,0,0,0,0,0,0,0,0,0,0,0,11946,0,0,0,0,0,0
"04069092_2013","1","PL",0,0,0,0,0,0,23,3374,0,0,0,0,0,0,0,0,0,0,0,0,1052,177888,0,0,0,0,0,0
"04069092_2013","1","GR",0,0,0,0,0,0,0,63,122,54,48,0,109,293,0,0,0,0,0,0,0,5907,10571,5158,6874,0,10869,26392
"04069092_2013","1","LT",0,0,0,0,0,0,0,0,0,0,23,0,66,176,0,0,0,0,0,0,0,0,0,0,3111,0,8835,19306
"04069092_2013","1","CY",0,0,0,0,0,0,0,0,0,0,0,0,0,75,0,0,0,0,0,0,0,0,0,0,0,0,0,4176
"04069097_2013","1","CH",0,0,0,0,0,8737,11162,10378,8700,12145,8670,10016,10606,9230,0,0,0,0,0,891603,1378612,1397982,1298933,1739455,1250094,1554028,1871105,1510638
"04069097_2013","1","FR",0,0,0,0,0,8707,10941,11420,3518,12509,12662,12297,14700,15252,0,0,0,0,0,988636,1449131,1700820,397880,1835385,2036681,1975682,2515130,2650907
"04069097_2013","1","IT",0,0,0,0,0,1445,2158,12904,11230,13209,6607,3232,1407,1162,0,0,0,0,0,139705,234130,1229585,1039061,1353592,683551,349680,142734,167817
"04069097_2013","1","DK",0,0,0,0,0,70,0,66,12,704,59,44,38,1183,0,0,0,0,0,6663,0,5259,3421,45940,17274,4508,4453,104643
"04069097_2013","1","NL",0,0,0,0,0,2297,1793,2371,4347,1305,943,160,182,5511,0,0,0,0,0,309648,182831,213483,335075,120789,143286,20572,32298,402319
"04069097_2013","1","DE",0,0,0,0,0,3030,3216,1289,556,477,302,276,72,7,0,0,0,0,0,239063,265626,109527,49910,39698,27728,24359,3853,1021
"04069097_2013","1","SE",0,0,0,0,0,337,498,519,0,996,5527,974,663,2601,0,0,0,0,0,54744,88829,99926,0,200142,667126,230957,175605,468575
"04069097_2013","1","ES",0,0,0,0,0,87,1000,1597,1813,2379,2185,2923,3310,5445,0,0,0,0,0,11150,90424,134645,166680,238686,191183,308957,373712,617085
"04069097_2013","1","GB",0,0,0,0,0,182,24,117,114,287,81,25,1283,1351,0,0,0,0,0,26272,3908,24394,22999,42076,15386,5497,277453,287550
"04069097_2013","1","BE",0,0,0,0,0,0,146,0,0,0,0,0,0,0,0,0,0,0,0,0,20409,0,0,0,0,0,0,0
"04069097_2013","1","GR",0,0,0,0,0,0,0,0,0,10,27,85,0,0,0,0,0,0,0,0,0,0,0,1157,1420,4985,0,0
"04069098_2013","1","CH",0,0,0,0,0,2502,7576,40845,2368,21788,14899,9597,4012,10615,0,0,0,0,0,229262,826302,1256662,278325,1173156,1014455,1023591,550469,1138818
"04069098_2013","1","FR",0,0,0,0,0,228036,259047,269560,289738,305072,301989,291217,221743,244493,0,0,0,0,0,22975314,28317825,30130007,31680913,32377197,31935088,31543389,26153339,29743923
"04069098_2013","1","IT",0,0,0,0,0,41138,45714,51177,52416,68350,56954,63183,52457,58959,0,0,0,0,0,2930766,3346276,3710353,3968612,5334972,4595906,5152858,5086429,5357975
"04069098_2013","1","DK",0,0,0,0,0,376733,394999,401580,446863,477206,463584,452940,679206,699548,0,0,0,0,0,20890876,22876581,23215767,26895120,29659289,31110812,32049692,50759008,54054390
"04069098_2013","1","NL",0,0,0,0,0,266078,273983,318207,395964,272358,502229,524561,592788,474064,0,0,0,0,0,12895799,15606789,18370315,19322209,14520722,26451680,28034114,34056299,29009256
"04069098_2013","1","DE",0,0,0,0,0,213856,155493,123977,137703,217633,223268,185794,191860,59043,0,0,0,0,0,8704921,7953331,7407523,7541229,12023963,13234028,11322115,11669243,3459776
"04069098_2013","1","SE",0,0,0,0,0,93103,7495,6,72063,56506,16979,57922,162145,94930,0,0,0,0,0,6874389,415943,2361,3618985,2879139,997425,5192130,15274292,9683349
"04069098_2013","1","ES",0,0,0,0,0,20597,30229,21373,36194,33927,44270,45033,53697,54943,0,0,0,0,0,1702267,2532231,1996987,3267075,3669711,5668749,5679147,8346525,8398940
"04069098_2013","1","GB",0,0,0,0,0,223098,235920,148913,284659,294440,165021,170632,179368,155009,0,0,0,0,0,9590251,11594133,10366065,16644814,16163540,11343750,12455794,13764758,12159017
"04069098_2013","1","IE",0,0,0,0,0,23697,81971,89586,68549,88850,157582,150374,22703,274542,0,0,0,0,0,904337,3239770,4521687,3697327,4536006,7414825,6985051,1651494,14437956
"04069098_2013","1","BE",0,0,0,0,0,3174,1604,0,18493,0,0,0,25,532,0,0,0,0,0,161265,96494,0,628947,0,0,0,2328,69167
"04069098_2013","1","AT",0,0,0,0,0,0,0,0,0,1152,5828,404,1544,1610,0,0,0,0,0,0,0,0,0,72031,233529,33681,128457,127582
"04069098_2013","1","FI",0,0,0,0,0,0,0,0,22,63,0,0,0,0,0,0,0,0,0,0,0,0,2186,3699,0,0,0,0
"04069098_2013","1","PL",0,0,0,0,0,8023,0,0,15,0,34,0,98,310,0,0,0,0,0,423793,0,0,1125,0,1674,0,4702,19910
"04069098_2013","1","GR",0,0,0,0,0,0,0,7800,0,4087,8265,7847,7725,21745,0,0,0,0,0,0,0,506739,0,353852,681284,699383,702312,1721769
"04069098_2013","1","LT",0,0,0,0,0,30,9,111,9321,16177,8480,294,276,269,0,0,0,0,0,1054,2104,10714,276723,614693,262384,27324,27531,26204
"04069098_2013","1","CY",0,0,0,0,0,0,10,4360,8190,12345,23188,16316,35956,73269,0,0,0,0,0,0,1008,302897,569090,963151,2026175,1556207,3887776,7129127
"04069098_2013","1","CA",0,0,0,0,0,0,0,0,0,0,95,0,0,0,0,0,0,0,0,0,0,0,0,0,1292,0,0,0
"04069098_2013","1","EE",0,0,0,0,0,19989,0,0,8551,46,49232,57864,107568,191867,0,0,0,0,0,571338,0,0,394668,1632,1542152,2019823,3934941,7140457
"04069098_2013","1","LV",0,0,0,0,0,0,0,0,0,2875,19013,18350,18980,23773,0,0,0,0,0,0,0,0,0,115693,741232,732836,861893,1050063
