"Varekoder","ImpEks","Mengde1 2008","Mengde1 2009","Mengde1 2010","Mengde1 2011","Mengde1 2012","Mengde1 2013","Mengde1 2014","Mengde1 2015","Mengde1 2016","Mengde1 2017","Mengde1 2018","Mengde1 2019","Mengde1 2020","Mengde1 2021","Mengde1 2022","Mengde1 2023","Mengde1 2024","Mengde1 2025","Verdi 2008","Verdi 2009","Verdi 2010","Verdi 2011","Verdi 2012","Verdi 2013","Verdi 2014","Verdi 2015","Verdi 2016","Verdi 2017","Verdi 2018","Verdi 2019","Verdi 2020","Verdi 2021","Verdi 2022","Verdi 2023","Verdi 2024","Verdi 2025"
"04069091_2001","1",188276,218768,220972,236084,287470,0,0,0,0,0,0,0,0,0,0,0,0,0,20609275,24228880,23578185,28186779,34990224,0,0,0,0,0,0,0,0,0,0,0,0,0
"04069099_2001","1",1738170,1751799,1957418,2102556,2488216,0,0,0,0,0,0,0,0,0,0,0,0,0,103351150,100386694,113588069,119913224,140881103,0,0,0,0,0,0,0,0,0,0,0,0,0
"04069092_2013","1",0,0,0,0,0,686855,714720,801045,876655,918202,975238,1066610,1230144,1398242,0,0,0,0,0,0,0,0,0,72535180,83140496,93014836,100864788,107332591,117858197,134652002,168953971,186163942,0,0,0,0
"04069097_2013","1",0,0,0,0,0,24892,30938,40661,30290,44021,37063,30032,32261,41742,0,0,0,0,0,0,0,0,0,2667484,3713900,4915621,3313959,5616920,5033729,4479225,5396343,6210555,0,0,0,0
"04069098_2013","1",0,0,0,0,0,1551554,1494050,1477644,1831184,1872875,2063234,2055666,2333806,2452900,0,0,0,0,0,0,0,0,0,89128581,96808787,101815608,118792233,124462446,139379691,144709946,177019191,185721185,0,0,0,0
"04061001_2007","1",360,2412,21494,165,30,140,0,0,2893,2741,4166,2477,2932,8770,17222,12382,15021,17308,23608,124700,1099448,11550,2311,10549,0,0,82845,78646,142150,74776,93117,281989,723423,622584,820592,949582
"04061009_2007","1",2047440,2087723,2355947,3057575,2937893,3180151,3347861,3750428,4063406,4135439,4489481,4688468,5173061,5775377,6176019,6436219,6968520,7498130,68396083,71768417,73954835,84178873,91707724,99323285,107897331,132439426,133353001,133912744,152984339,161959828,206040522,217696632,257635855,322976772,361045531,419261636
"04062000_1988","1",463809,516836,574580,568034,632766,656791,755823,796246,1043592,1211011,1436647,1604590,1803797,2146374,2114884,1864669,2001066,2184499,24096412,27026495,29660590,30249337,33850038,35229716,41956248,44895613,62514557,75082111,89989505,101665419,123442402,142837288,164767970,172861463,191999755,217259093
"04063000_1988","1",206897,249196,354140,365181,317683,723373,884909,938819,1190088,1186605,1293708,1492693,1357580,1636036,1745594,1736636,1904572,2017115,11363457,13927885,17226836,18026820,18128187,30372774,38166202,41628406,55568765,57120149,64056114,74731970,75623762,88341537,104600615,125541902,138619521,153700801
"04064001_2001","1",51295,49061,54566,52334,57969,59753,59247,53883,50940,51015,44385,45997,45917,40953,33859,31723,29447,31719,5941266,6351293,6544252,6139250,6662055,6936021,7789428,7509407,7485720,7566404,6787647,7155789,7771440,6707732,5769199,6164879,6031317,6490798
"04064005_2001","1",49880,44600,47179,46822,48871,55794,60029,60296,61358,70995,66178,65630,69059,78084,92960,91992,91231,93068,3527130,3210081,3036446,3201120,3377122,4048986,4640365,4748482,5049347,6252700,5836541,5475230,7063634,7564203,9894709,12285010,11274388,11266291
"04064008_2001","1",2632,2122,3034,2589,2039,3696,3798,3717,2704,2238,2214,2053,0,0,0,0,0,0,252935,205334,304282,242470,174972,368013,380097,516083,294328,262533,266994,257063,0,0,0,0,0,0
"04064009_2001","1",734677,757175,751553,701920,704920,809654,878479,947814,959376,945524,852165,865257,0,0,0,0,0,0,57532797,61891068,61530700,59327970,58046499,67531852,78013367,88840655,91791307,92889156,87711375,90904544,0,0,0,0,0,0
"04064007_2020","1",0,0,0,0,0,0,0,0,0,0,0,0,917705,920022,836721,903500,878426,855039,0,0,0,0,0,0,0,0,0,0,0,0,101874651,102858997,101175969,130064234,128103708,131374471
"04069030_2001","1",1816190,1824760,1935583,2303649,2265223,2145838,2198192,2090678,2123215,2120510,2296511,2505572,2840629,3090809,2816471,2835012,2729235,2646833,81337024,84306046,88882660,103492417,105443259,112237881,122469346,119923537,128708670,129211124,141696049,158031054,185292211,204234374,201551541,243632992,240671208,243602452
"04069082_2001","1",139140,140327,173992,188745,226495,175352,154354,167805,163129,154402,192380,204578,181378,190590,175906,126786,100684,103939,8360434,8565134,9663553,10120092,12085261,9772205,9633840,11492777,11237305,11568095,15965608,17195559,17338539,17573577,16633103,14873483,12718291,12749944
"04069084_2001","1",869279,933854,1016301,1120894,1263031,1318704,1394575,1499773,1472347,1425252,1495759,1477022,1533743,1649877,1486100,1459438,1424361,1436818,44904528,51307662,52134689,57343819,63222059,69473111,80128937,93468642,92241961,90575901,100297839,102194535,115747379,120327607,114194854,145651789,143291166,144107891
"04069089_2001","1",141801,139614,149909,157283,161554,250983,249828,260550,291486,299748,222079,196743,189692,238934,296020,328805,322193,318552,11428511,11695858,12230088,13398693,13219810,19382202,20698342,21349703,26979222,29881165,22178943,20378433,21059312,26119938,34637360,45789862,47556561,49626526
