"Varekoder","ImpEks","Land","Mengde1 2022","Mengde1 2023","Mengde1 2024","Mengde1 2025","Verdi 2022","Verdi 2023","Verdi 2024","Verdi 2025"
"04069093_2022","1","CH",51279,46172,44594,52625,9967631,11306951,11085706,13325074
"04069093_2022","1","FR",73043,77875,65338,74736,10631599,13969735,12165963,14297984
"04069093_2022","1","IT",989515,1067875,1139857,1227548,134112034,171177909,185253209,227154256
"04069093_2022","1","DK",29706,133552,178228,140317,1889266,9367029,11908473,10145199
"04069093_2022","1","NL",2846,2261,5073,4094,273716,193243,870579,476245
"04069093_2022","1","DE",1334,778,79,1215,122133,109191,18524,240479
"04069093_2022","1","SE",19155,13023,14800,15745,2391256,1517419,1964645,2156964
"04069093_2022","1","ES",146630,168947,166057,169521,20954106,35361138,37500857,36776216
"04069093_2022","1","GB",1098,131,3579,5904,255077,22792,464942,775215
"04069097_2022","1","CH",7167,6399,5750,7044,1224516,1376873,1261339,1502488
"04069097_2022","1","FR",9726,13054,13842,26290,1902774,2919769,3165890,6091300
"04069097_2022","1","IT",4721,4695,4825,4651,506820,629872,729485,794208
"04069097_2022","1","DK",7,47,0,0,2033,8489,0,0
"04069097_2022","1","NL",2620,1943,2098,2489,256068,288214,292624,351113
"04069097_2022","1","DE",0,13,0,0,0,2321,0,0
"04069097_2022","1","SE",2043,1875,1815,1205,523364,535218,535009,392937
"04069097_2022","1","ES",624,151,156,82,91176,29529,38937,16859
"04069097_2022","1","GB",955,2633,2790,1899,232031,672881,766532,530861
"04069097_2022","1","EE",180,0,0,0,9709,0,0,0
"04069098_2022","1","CH",18689,19162,12049,16566,2217041,3106526,2668802,3373119
"04069098_2022","1","FR",229605,215396,251035,295523,31105517,35299168,43168170,54358629
"04069098_2022","1","IT",101011,73492,82624,77085,11888640,9565763,11433899,11059899
"04069098_2022","1","DK",578514,500994,476316,589381,49216019,54503963,53836132,68616649
"04069098_2022","1","NL",409510,305932,344003,362116,31367984,29071656,32689833,35911150
"04069098_2022","1","DE",30407,10001,9043,11417,1471554,976210,926130,1039621
"04069098_2022","1","SE",58328,17111,10376,7399,7671859,2456081,1393672,934934
"04069098_2022","1","ES",58375,38191,30829,40992,9877980,8336349,7217785,7684005
"04069098_2022","1","GB",133732,85338,89604,116757,12107476,9606058,10312903,13798082
"04069098_2022","1","EE",66947,78419,352002,74,3638075,3553668,16751542,8466
