Varekoder,ImpEks,Land,Mengde1 2022M01,Mengde1 2022M02,Mengde1 2022M03,Mengde1 2022M04,Mengde1 2022M05,Mengde1 2022M06,Mengde1 2022M07,Mengde1 2022M08,Mengde1 2022M09,Mengde1 2022M10,Mengde1 2022M11,Mengde1 2022M12,Mengde1 2023M01,Mengde1 2023M02,Mengde1 2023M03,Mengde1 2023M04,Mengde1 2023M05,Mengde1 2023M06,Mengde1 2023M07,Mengde1 2023M08,Mengde1 2023M09,Mengde1 2023M10,Mengde1 2023M11,Mengde1 2023M12,Mengde1 2024M01,Mengde1 2024M02,Mengde1 2024M03,Mengde1 2024M04,Mengde1 2024M05,Mengde1 2024M06,Mengde1 2024M07,Mengde1 2024M08,Mengde1 2024M09,Mengde1 2024M10,Mengde1 2024M11,Mengde1 2024M12,Mengde1 2025M01,Mengde1 2025M02,Mengde1 2025M03,Mengde1 2025M04,Mengde1 2025M05,Mengde1 2025M06,Mengde1 2025M07,Mengde1 2025M08,Mengde1 2025M09,Mengde1 2025M10,Mengde1 2025M11,Mengde1 2025M12,Mengde1 2026M01,Mengde1 2026M02,Mengde1 2026M03,Mengde1 2026M04,Mengde1 2026M05,Mengde1 2026M06,Mengde1 2026M07,Mengde1 2026M08,Verdi 2022M01,Verdi 2022M02,Verdi 2022M03,Verdi 2022M04,Verdi 2022M05,Verdi 2022M06,Verdi 2022M07,Verdi 2022M08,Verdi 2022M09,Verdi 2022M10,Verdi 2022M11,Verdi 2022M12,Verdi 2023M01,Verdi 2023M02,Verdi 2023M03,Verdi 2023M04,Verdi 2023M05,Verdi 2023M06,Verdi 2023M07,Verdi 2023M08,Verdi 2023M09,Verdi 2023M10,Verdi 2023M11,Verdi 2023M12,Verdi 2024M01,Verdi 2024M02,Verdi 2024M03,Verdi 2024M04,Verdi 2024M05,Verdi 2024M06,Verdi 2024M07,Verdi 2024M08,Verdi 2024M09,Verdi 2024M10,Verdi 2024M11,Verdi 2024M12,Verdi 2025M01,Verdi 2025M02,Verdi 2025M03,Verdi 2025M04,Verdi 2025M05,Verdi 2025M06,Verdi 2025M07,Verdi 2025M08,Verdi 2025M09,Verdi 2025M10,Verdi 2025M11,Verdi 2025M12,Verdi 2026M01,Verdi 2026M02,Verdi 2026M03,Verdi 2026M04,Verdi 2026M05,Verdi 2026M06,Verdi 2026M07,Verdi 2026M08
04069093_2022,1,CH,4811,7457,3431,3913,3564,2956,2806,4509,3139,5680,4237,4776,4836,2372,3273,1706,4058,6059,3915,2179,2881,6238,5425,3230,4575,2724,3487,5241,2830,2359,2673,3186,4777,4098,6432,2212,7798,6394,2094,3607,2674,2668,2242,3291,5517,4019,7523,4798,6599,2795,3001,3087,2062,3437,3537,5411,905419,1401465,604681,709091,663937,554738,575339,901473,645166,1213886,814003,978433,1106467,542820,781986,433134,1017939,1427247,940544,525576,723801,1588625,1420098,798714,1031780,673398,867532,1299622,691455,581712,689875,793170,1223433,995445,1670632,567652,1934018,1491870,542340,854777,690352,665221,571294,847432,1364226,1041317,2030872,1291355,1680370,626771,667482,765225,536754,811726,857261,1303201
04069093_2022,1,IT,60817,101660,92404,71272,80684,71493,73282,99947,80143,85616,101568,70629,77760,87478,89720,75542,117761,73562,84635,109945,89628,87511,96544,77789,100023,83549,101308,85540,103083,74521,106464,115239,85146,87419,98076,99489,91266,94927,103364,105929,91301,103156,105907,98894,130867,92914,103526,105497,78112,114057,127393,80643,116849,104072,119134,126459,8078261,13569527,11154337,8876963,10170436,9514781,10151187,13425447,11308856,12448363,14575431,10838445,11988987,13881631,14218315,12393656,18909740,12191245,13430373,17073764,14614739,13989023,15739233,12747203,15783891,13343371,16176098,14091096,16219545,11322788,17182635,18508169,14231149,14712353,16722984,16959130,15606438,16511161,18383377,18793044,16670896,18466313,19727534,18645492,26279322,17762301,20009625,20298753,14984814,21311468,23401782,14268396,20380678,18448466,20027090,22080238
04069093_2022,1,FR,6973,6738,6318,5282,8155,3879,5054,5703,4829,6670,6341,7101,8775,5048,5104,4411,8713,6491,4848,5896,8840,7052,7007,5690,6221,4511,4792,4910,4617,4065,5626,3958,8110,8083,5038,5407,6866,7458,3672,7828,4097,5955,6132,4390,7505,6878,6838,7117,7543,6521,7203,7155,5201,8162,5688,7831,1050376,912342,848268,718549,1175969,549956,763359,766542,648386,1051399,962028,1184425,1304196,879159,897338,770049,1545287,1306757,946031,1036242,1695826,1282672,1274989,1031189,1090543,768408,841225,909347,878583,749976,1084564,692640,1539190,1522067,980045,1109375,1374980,1359151,677832,1460567,749910,1139429,1206572,847789,1475196,1261042,1389552,1355964,1395247,1197444,1336373,1290621,938867,1427229,1045515,1416027
04069097_2022,1,CH,635,254,371,475,811,445,485,671,596,508,602,1314,692,356,317,390,583,132,0,187,2791,662,208,81,131,304,98,267,338,408,620,569,1814,871,145,185,498,670,138,812,581,689,558,118,574,372,949,1085,888,446,330,227,418,57,797,459,94425,39171,60827,70585,138754,74685,85715,110843,103921,87717,89008,268865,141188,76322,66845,89428,131345,25703,0,42252,590881,152603,41825,18481,26063,70291,26496,69890,66242,85465,129855,125782,394517,194267,32065,40406,124405,157917,35055,187968,131544,157750,126681,24205,131232,85650,154563,185518,171961,64853,75427,56215,80025,13496,174292,97402
04069097_2022,1,IT,228,38,302,5,997,862,360,835,210,44,120,720,25,116,950,1145,930,87,420,48,869,57,30,18,270,139,14,997,855,178,458,1054,653,76,83,48,42,87,957,1106,175,966,219,675,114,69,166,75,80,106,956,66,1172,107,196,97,31352,5164,33451,1190,83993,83563,50006,75772,31137,6080,19352,85760,3894,15377,115394,150339,121037,15029,77282,8198,101756,12552,5906,3108,50494,29362,3155,135876,97905,32409,93229,138571,106441,15553,17134,9356,8851,17743,141646,176032,39933,140982,45924,129052,24030,15342,38978,15695,16878,20711,135302,12762,171554,18362,35577,19370
04069097_2022,1,FR,830,593,718,281,191,155,135,160,1984,1651,1277,1751,1089,874,1017,400,150,131,89,535,1750,2418,2359,2242,1190,1111,897,509,207,152,151,225,2043,3311,2422,1624,1953,2184,1608,593,553,319,118,180,4192,3791,6211,4588,4105,2542,1812,232,272,107,132,875,155460,103459,122990,37737,27152,22772,20071,25511,434439,364039,234542,354602,239978,204864,232864,85205,28923,25210,16002,78792,420317,535390,525830,526394,267666,253772,203514,117653,44723,26809,31746,43955,458771,806479,555858,354944,388507,496612,394980,128055,155275,60603,28333,35633,944716,847489,1464509,1146588,912440,586576,435644,55855,47882,20173,26066,201153
04069098_2022,1,CH,1509,1248,2127,1972,290,1566,1298,3118,1729,570,1867,1395,454,2582,421,1979,2291,1827,1658,2307,987,1469,1838,1349,468,853,696,1751,1275,425,844,681,1251,663,1337,1805,1088,1133,825,879,1145,1936,431,1184,1227,1617,2851,2250,1524,2061,1351,1084,604,836,1551,1148,121221,205766,208988,169171,37672,148069,116033,437300,196345,114970,211427,250079,97494,330255,62531,206694,427130,237087,196323,328101,210988,319120,394333,296470,113287,191424,140158,380091,288990,94427,184650,156918,284010,156544,299813,378490,229701,229444,168276,186213,241374,423199,97409,261573,286454,325715,537625,386136,339649,288571,282418,228087,129451,171287,338243,209419
04069098_2022,1,IT,11911,14566,12059,8978,8392,7539,6440,8062,7463,6635,4644,4322,6257,6122,5906,5800,7146,5805,7279,4500,6205,7125,5375,5972,5652,4234,5960,7512,8307,6938,7643,7041,6947,7640,7780,6970,7220,5915,7431,6519,6580,5980,5797,5698,7591,7169,5747,5438,4811,9742,6434,5016,9517,9071,8101,9016,1615746,1833785,1518365,965707,1009673,774179,707152,852827,787775,757318,573827,492286,687610,759023,769530,810027,1016378,785584,967390,577798,849137,859737,728429,755120,727853,491236,822495,1105195,1143177,903504,1068292,887229,969403,1050589,1294985,969941,962039,865298,1263504,938134,861667,805151,847225,849674,973605,1033337,864528,795737,713689,1063323,864587,634337,1128611,2134698,3726284,2163074
04069098_2022,1,FR,31158,20229,16598,15184,16278,16222,15313,20262,17133,19336,19530,22362,22480,17337,17740,13201,18733,15279,13266,18795,17549,21517,22370,17129,23655,19847,19083,17219,21563,15231,16313,18490,26027,26296,24758,22553,26963,25419,19660,24950,21020,17425,21639,20540,33971,28785,26259,28892,24008,26464,25755,25083,26074,21016,23317,25805,3912101,2486046,2135717,1829931,2168233,2199056,2257769,2848168,2367615,2850538,2928216,3122127,3158750,2898245,2801662,2118480,3117628,2615471,2138883,3123786,3001271,3669975,3754822,2900195,3663410,3341280,3211211,2952293,3695255,2688392,2802247,3178557,4613049,4695025,4353284,3974167,4702107,4552843,3705183,4454708,3991430,3198636,4070402,3817019,6194590,5287947,4903297,5480467,4259895,4687556,4561460,4371354,4918636,3752772,4193012,4536054
